"","videoId","textDisplay","textOriginal","authorDisplayName","authorProfileImageUrl","authorChannelUrl","authorChannelId.value","canRate","viewerRating","likeCount","publishedAt","updatedAt"
"1","1Z6CHioIn3s","Cannot get over the animation in this! A huge congratulations to the hundreds of animators who spent the past eight months bringing this extraordinary vision to life!","Cannot get over the animation in this! A huge congratulations to the hundreds of animators who spent the past eight months bringing this extraordinary vision to life!","PVRIS","https://yt3.ggpht.com/sRkO2fzv9VGG6Iq522X_A7ezyLdzkNxel0MghCsvBa8SqQBNrQYLLEnrCa0xbJvefE7RNi0e2A=s48-c-k-c0x00ffffff-no-rj","http://www.youtube.com/channel/UC16zGxZ1weXDUXzRYwtfPqg","UC16zGxZ1weXDUXzRYwtfPqg","TRUE","none","37621","2021-09-29T05:18:08Z","2021-09-29T05:18:08Z"
"2","1Z6CHioIn3s","me gusto el estilo dragon ball z queda muy bueno el estilo de animacion","me gusto el estilo dragon ball z queda muy bueno el estilo de animacion","Guatosaurio","https://yt3.ggpht.com/ytc/AKedOLSqfrmPfxQAn8LtbKjFk2ShijFiFq0KnTzV3iqiyQ=s48-c-k-c0x00ffffff-no-rj","http://www.youtube.com/channel/UCzKRZwMhXCehAQkk_pn1cAA","UCzKRZwMhXCehAQkk_pn1cAA","TRUE","none","0","2021-10-10T21:14:58Z","2021-10-10T21:14:58Z"
"3","1Z6CHioIn3s","TBH one of the worst Worlds song and clip form last years","TBH one of the worst Worlds song and clip form last years","Who tf plays Faramis","https://yt3.ggpht.com/T72YtG85VO9hOvI9q6ALCWiYfugWBBfXicJ0stVjPKLt9paWByBrD_aJ6vez6Kbyb2Yjj1ayTw=s48-c-k-c0x00ffffff-no-rj","http://www.youtube.com/channel/UCZYBwbmSM2Gqxcdi4IOH5Ng","UCZYBwbmSM2Gqxcdi4IOH5Ng","TRUE","none","0","2021-10-10T20:46:14Z","2021-10-10T20:46:14Z"
"4","1Z6CHioIn3s","UMAI!","UMAI!","ZEN.-","https://yt3.ggpht.com/ytc/AKedOLTz3D_cFf_8-HuSddwlpmY5CjvvOG_yKiWOvAz3Dg=s48-c-k-c0x00ffffff-no-rj","http://www.youtube.com/channel/UC-5lneciug_OVbDPA931trw","UC-5lneciug_OVbDPA931trw","TRUE","none","1","2021-10-10T20:45:37Z","2021-10-10T20:45:37Z"
"5","1Z6CHioIn3s","joker persona five","joker persona five","Twible404","https://yt3.ggpht.com/nFj9vKNHFdJsjHj49Jmsccfi9cczGTss0D2LaYbACd4Z7UZdbL_jb5ra-OjtcGh4S1zZN1BR=s48-c-k-c0x00ffffff-no-rj","http://www.youtube.com/channel/UCcJACnpwaXtBf2L3u8gOdKQ","UCcJACnpwaXtBf2L3u8gOdKQ","TRUE","none","0","2021-10-10T19:59:03Z","2021-10-10T19:59:03Z"
"6","1Z6CHioIn3s","Where is the Secret Lab chair","Where is the Secret Lab chair","Vlek","https://yt3.ggpht.com/ytc/AKedOLRs9phHZRoDv63nguYHNsGNEe-tZsNFbYT1kV-C2Q=s48-c-k-c0x00ffffff-no-rj","http://www.youtube.com/channel/UCOmnSYFcp1dz5CB2MIfNWmA","UCOmnSYFcp1dz5CB2MIfNWmA","TRUE","none","0","2021-10-10T19:56:12Z","2021-10-10T19:56:12Z"
"7","1Z6CHioIn3s","even if I&#39;m not a fan of league of legends, I gotta admit... these songs are fire","even if I'm not a fan of league of legends, I gotta admit... these songs are fire","Renji 756","https://yt3.ggpht.com/ytc/AKedOLSyV3KdnExdGyjmzSCPzSRSKOtaGUhCQg39Vg=s48-c-k-c0x00ffffff-no-rj","http://www.youtube.com/channel/UCwab5GEkxQZ57e1VEewn3Nw","UCwab5GEkxQZ57e1VEewn3Nw","TRUE","none","1","2021-10-10T19:23:52Z","2021-10-10T19:23:52Z"
"8","1Z6CHioIn3s","This is truly amazing","This is truly amazing","jaki n","https://yt3.ggpht.com/ytc/AKedOLQJOG-XrKJG1Qcqmg7k8VInmHe0nIcktRdcQWYG=s48-c-k-c0x00ffffff-no-rj","http://www.youtube.com/channel/UCRCQ8hksCf3D6JcJdHb56DA","UCRCQ8hksCf3D6JcJdHb56DA","TRUE","none","1","2021-10-10T19:22:07Z","2021-10-10T19:22:07Z"
"9","1Z6CHioIn3s","The fall of Rekkles was show nice","The fall of Rekkles was show nice","Aaryan","https://yt3.ggpht.com/ytc/AKedOLQ22qWA9FspCPKMs6dI09Yfr6dZGyejUjdoFf-V2Q=s48-c-k-c0x00ffffff-no-rj","http://www.youtube.com/channel/UCIpj-ZdF__W4avoyBIrpcxA","UCIpj-ZdF__W4avoyBIrpcxA","TRUE","none","2","2021-10-10T19:07:59Z","2021-10-10T19:07:59Z"
"10","1Z6CHioIn3s","I didn&#39;t really like it at first tbh, but the more I listen the more it grows on me","I didn't really like it at first tbh, but the more I listen the more it grows on me","LeakedFps","https://yt3.ggpht.com/ytc/AKedOLR0DKZfXMzXLXcyLrPhLWf9pMEUcaJYmktC6GqZ=s48-c-k-c0x00ffffff-no-rj","http://www.youtube.com/channel/UCHmyraxwAVRtDIeSERM8MpA","UCHmyraxwAVRtDIeSERM8MpA","TRUE","none","0","2021-10-10T19:07:49Z","2021-10-10T19:07:49Z"
"11","1Z6CHioIn3s","Jebac Bydoszcz","Jebac Bydoszcz","Adrian Maciaszek","https://yt3.ggpht.com/ytc/AKedOLRNwB7rzOpZxGGTeKL2MRbzX8I6MFWT83k9UVsv=s48-c-k-c0x00ffffff-no-rj","http://www.youtube.com/channel/UCNdMcBfkY69cVsnw6HambJA","UCNdMcBfkY69cVsnw6HambJA","TRUE","none","0","2021-10-10T18:56:12Z","2021-10-10T18:56:12Z"
"12","1Z6CHioIn3s","this.","this.","kolim jone","https://yt3.ggpht.com/ytc/AKedOLSBikLEmRx8zg8CzQ0sz2CFdm1vg0DtS9TjGDyT=s48-c-k-c0x00ffffff-no-rj","http://www.youtube.com/channel/UCPK9zCGPljkJgABLWbtqr4w","UCPK9zCGPljkJgABLWbtqr4w","TRUE","none","0","2021-10-10T18:24:18Z","2021-10-10T18:24:18Z"
"13","1Z6CHioIn3s","Muito legal, mas eu gostaria muito de não precisar pausar pra ver qualquer jogador que não fossem os 3 principais","Muito legal, mas eu gostaria muito de não precisar pausar pra ver qualquer jogador que não fossem os 3 principais","Alefe Daniel Cosendey","https://yt3.ggpht.com/ytc/AKedOLQDrr1WYI8pxrqjpeeSYReA1tKBexr342RP_OXEtQ=s48-c-k-c0x00ffffff-no-rj","http://www.youtube.com/channel/UCe6XZ2TUsbMzq7jIHF0qdgg","UCe6XZ2TUsbMzq7jIHF0qdgg","TRUE","none","0","2021-10-10T18:20:21Z","2021-10-10T18:20:21Z"
"14","1Z6CHioIn3s","They keep showing Faker in these videos, but I don&#39;t even know if he&#39;s playing competitively anymore.","They keep showing Faker in these videos, but I don't even know if he's playing competitively anymore.","Jonathan Jacquet","https://yt3.ggpht.com/ytc/AKedOLS5Nu9MCfNGf7z1Jhssn2upVNGCdZbynIFv4VI3=s48-c-k-c0x00ffffff-no-rj","http://www.youtube.com/channel/UCPCZOhAJuRxght2j9v1o_vw","UCPCZOhAJuRxght2j9v1o_vw","TRUE","none","0","2021-10-10T17:58:54Z","2021-10-10T17:59:31Z"
"15","1Z6CHioIn3s","muito bom!","muito bom!","Leonardo Machado","https://yt3.ggpht.com/ytc/AKedOLSKiMEY0Syqbm-wM0-hgBjPeED_mFzvaG8dclvIkA0=s48-c-k-c0x00ffffff-no-rj","http://www.youtube.com/channel/UC_w3BoN--FQgZozgvY3U5mQ","UC_w3BoN--FQgZozgvY3U5mQ","TRUE","none","0","2021-10-10T17:45:31Z","2021-10-10T17:45:31Z"
"16","1Z6CHioIn3s","Enternal king of LCK? No. Eternal King of LoL","Enternal king of LCK? No. Eternal King of LoL","Dany_rulez","https://yt3.ggpht.com/ytc/AKedOLSaSu3fpsCAy0DgXewyIcD_0RM2hzO4AP3gWU-s=s48-c-k-c0x00ffffff-no-rj","http://www.youtube.com/channel/UCsraugYAuopyDgffAdw4I-w","UCsraugYAuopyDgffAdw4I-w","TRUE","none","0","2021-10-10T17:39:42Z","2021-10-10T17:39:42Z"
"17","1Z6CHioIn3s","The animation was 2D ... until it wasn&#39;t","The animation was 2D ... until it wasn't","soroush kowsarian","https://yt3.ggpht.com/ytc/AKedOLTdcbfXSE6bYzOHSLktzicroD3kssjB_DaLV4es=s48-c-k-c0x00ffffff-no-rj","http://www.youtube.com/channel/UC62-87nSKB_pCuHtEjabxNA","UC62-87nSKB_pCuHtEjabxNA","TRUE","none","0","2021-10-10T17:32:16Z","2021-10-10T17:32:16Z"
"18","1Z6CHioIn3s","Riot is literally gonna take over all the animation companies","Riot is literally gonna take over all the animation companies","Sangeeta Joshi","https://yt3.ggpht.com/ytc/AKedOLR6VGUpzGXeMWOKBbY681hj_AyXV3EOyehKktkIVw=s48-c-k-c0x00ffffff-no-rj","http://www.youtube.com/channel/UC8ht81WMb2xRB_axXa1rwPQ","UC8ht81WMb2xRB_axXa1rwPQ","TRUE","none","1","2021-10-10T16:59:50Z","2021-10-10T16:59:50Z"
"19","1Z6CHioIn3s","meh","meh","marsaffL","https://yt3.ggpht.com/ytc/AKedOLSCVJ_0In7JAZ6s1su1Q33mcyt3mhBBXcWrggTe=s48-c-k-c0x00ffffff-no-rj","http://www.youtube.com/channel/UCd3zQJ0IY2Q_sq6LW_dZ37g","UCd3zQJ0IY2Q_sq6LW_dZ37g","TRUE","none","0","2021-10-10T16:45:00Z","2021-10-10T16:45:00Z"
"20","1Z6CHioIn3s","So Rekkles ( kinda ) made it to worlds after all :)","So Rekkles ( kinda ) made it to worlds after all :)","Gonners","https://yt3.ggpht.com/ytc/AKedOLQMe99SJY608_wAlj58ptNxjITE2rzfhUBsbxoN=s48-c-k-c0x00ffffff-no-rj","http://www.youtube.com/channel/UCRZf5bHQ50Vsxgd9fxYUAEw","UCRZf5bHQ50Vsxgd9fxYUAEw","TRUE","none","0","2021-10-10T16:43:10Z","2021-10-10T16:43:10Z"
"21","1Z6CHioIn3s","NERDE O ESKI WORLDSLER YIYENIMMMMMMMMMMMMM","NERDE O ESKI WORLDSLER YIYENIMMMMMMMMMMMMM","Tonwish","https://yt3.ggpht.com/ytc/AKedOLSPAHudU48wvFh4QhkZkKMTKXUpM8Q7JgIKKg=s48-c-k-c0x00ffffff-no-rj","http://www.youtube.com/channel/UCGMVldlINOWFTi7tzjLj5iQ","UCGMVldlINOWFTi7tzjLj5iQ","TRUE","none","0","2021-10-10T16:42:29Z","2021-10-10T16:42:29Z"
"22","1Z6CHioIn3s","The animation in this is better then most animes.....they need to stop playing and get one made.","The animation in this is better then most animes.....they need to stop playing and get one made.","ChaoskingTru","https://yt3.ggpht.com/ytc/AKedOLTItz4Ba9g8-u9ENk1pFhaXyDT3zlEBXOA3KA0zgQ=s48-c-k-c0x00ffffff-no-rj","http://www.youtube.com/channel/UC5VevG_TGtiaJU2EgIyMNTg","UC5VevG_TGtiaJU2EgIyMNTg","TRUE","none","0","2021-10-10T16:42:12Z","2021-10-10T16:42:12Z"
"23","1Z6CHioIn3s","Here are all the pro players in the music video:<br><br>Showmaker – Syndra (protagonist)<br>Faker – Billboard<br>Chovy – Orianna<br>Rekkles – Jhin<br>JackeyLove – Kai’sa<br>TheShy – Fiora<br>Bin – Fiora<br>Viper – Xayah<br>Gala – Varus<br>Blaber – Kindred<br>PowerOfEvil – Azir<br>Hans Sama – Kalista<br>BrTT – Draven<br>fNb – Renekton<br>Armut – Gnar<br>LWX – Aphelios<br>Carzzy – Ezreal<br>Wunder – Ornn<br>BeryL – Leona<br>Pyosik – Lee Sin<br>Rookie – LeBlanc","Here are all the pro players in the music video:

Showmaker – Syndra (protagonist)
Faker – Billboard
Chovy – Orianna
Rekkles – Jhin
JackeyLove – Kai’sa
TheShy – Fiora
Bin – Fiora
Viper – Xayah
Gala – Varus
Blaber – Kindred
PowerOfEvil – Azir
Hans Sama – Kalista
BrTT – Draven
fNb – Renekton
Armut – Gnar
LWX – Aphelios
Carzzy – Ezreal
Wunder – Ornn
BeryL – Leona
Pyosik – Lee Sin
Rookie – LeBlanc","KiMoOoOo SaLeM","https://yt3.ggpht.com/ytc/AKedOLS5Rk71heDGKzLt-GgAq210qbuNcsaFJcvusrUS=s48-c-k-c0x00ffffff-no-rj","http://www.youtube.com/channel/UCVavE1sefrH7q38mwO8505w","UCVavE1sefrH7q38mwO8505w","TRUE","none","0","2021-10-10T16:26:10Z","2021-10-10T16:26:10Z"
"24","1Z6CHioIn3s","New anime looks dope <br><br>when the release date though?","New anime looks dope 

when the release date though?","yourboss","https://yt3.ggpht.com/ytc/AKedOLSSwWO2dmxFYy_yCrNXA-TwK6pbz3hX5GSTMcnX=s48-c-k-c0x00ffffff-no-rj","http://www.youtube.com/channel/UC0w1Y5xEdzbS0K6fBMaPoyw","UC0w1Y5xEdzbS0K6fBMaPoyw","TRUE","none","2","2021-10-10T16:17:37Z","2021-10-10T16:17:37Z"
"25","1Z6CHioIn3s","Down down down again haha","Down down down again haha","Altair Ibn-La had","https://yt3.ggpht.com/ytc/AKedOLSmIu4Nl1mV1al1j4SDHCDkAjPiEx1HgCj3HA=s48-c-k-c0x00ffffff-no-rj","http://www.youtube.com/channel/UCui1Vx3WZPH7JtbZAuc2nAA","UCui1Vx3WZPH7JtbZAuc2nAA","TRUE","none","0","2021-10-10T16:12:27Z","2021-10-10T16:12:27Z"
"26","1Z6CHioIn3s","jhin can jumping btw<br><U+0001F610>","jhin can jumping btw
<U+0001F610>","AlienIgiBox","https://yt3.ggpht.com/LjWIA0L0M4k6D-FMW3-QdJ0s7MoX1HLrQ4gLfJ686Ycsu6L47A2vDQnypt2Wgu47MCEXELc=s48-c-k-c0x00ffffff-no-rj","http://www.youtube.com/channel/UCVIh5_J-Cmpig1zK09YvSYA","UCVIh5_J-Cmpig1zK09YvSYA","TRUE","none","1","2021-10-10T16:09:48Z","2021-10-10T16:10:15Z"
"27","1Z6CHioIn3s","Jhin&#39;s bow <a href=""https://www.youtube.com/watch?v=1Z6CHioIn3s&amp;t=1m00s"">1:00</a>","Jhin's bow 1:00","Nam Ti<U+1EBF>n","https://yt3.ggpht.com/ytc/AKedOLSk-vHbcs7GqIh_3bfj2QR5thImR8qpaw2LVA=s48-c-k-c0x00ffffff-no-rj","http://www.youtube.com/channel/UCQ4WW63UCBBraFFJaB7GpGw","UCQ4WW63UCBBraFFJaB7GpGw","TRUE","none","0","2021-10-10T15:52:53Z","2021-10-10T15:52:53Z"
"28","1Z6CHioIn3s","I love how good the PVRIS singer did on the audio.  It&#39;s more of a commercial edm than the electro rock that they do","I love how good the PVRIS singer did on the audio.  It's more of a commercial edm than the electro rock that they do","Leif Riggs","https://yt3.ggpht.com/ytc/AKedOLRQN7eFKyv5J-bkCDkHWSi_64xQUO0GCldub2N19g=s48-c-k-c0x00ffffff-no-rj","http://www.youtube.com/channel/UCqeJkbZ2wMHGrnkYC00Rnjg","UCqeJkbZ2wMHGrnkYC00Rnjg","TRUE","none","0","2021-10-10T15:44:30Z","2021-10-10T15:44:30Z"
"29","1Z6CHioIn3s","Bro that was so cool","Bro that was so cool","Kelly Mai","https://yt3.ggpht.com/ytc/AKedOLRV5y7UHijfuPa78YUkSUFzywa1DETkvBO6K9CuuQ=s48-c-k-c0x00ffffff-no-rj","http://www.youtube.com/channel/UCfrj9B_OG0THQHGsTb4Z_hA","UCfrj9B_OG0THQHGsTb4Z_hA","TRUE","none","1","2021-10-10T14:55:04Z","2021-10-10T14:55:04Z"
"30","1Z6CHioIn3s","And then there is manhwa called &quot;the challenger&quot;","And then there is manhwa called ""the challenger""","SeralithG","https://yt3.ggpht.com/ytc/AKedOLTUAbaJ_xLkQRXFxmrOH0_ypPdMQ11F2iH3h9tAvw=s48-c-k-c0x00ffffff-no-rj","http://www.youtube.com/channel/UCB4R5WYVi-nT_Bzgc_a-Ztg","UCB4R5WYVi-nT_Bzgc_a-Ztg","TRUE","none","0","2021-10-10T14:54:02Z","2021-10-10T14:54:02Z"
"31","1Z6CHioIn3s","Hey I just realized that if last year riot chose a male lead singer, next year the lead singer will be a female for the song about the world finals.","Hey I just realized that if last year riot chose a male lead singer, next year the lead singer will be a female for the song about the world finals.","Mini-NT","https://yt3.ggpht.com/ytc/AKedOLT-AiUxCZjzvUG4FDnOJQ7OAZeAnKid7Dln8C28=s48-c-k-c0x00ffffff-no-rj","http://www.youtube.com/channel/UCTRgjIGpXFA2TEnbtwQiAnA","UCTRgjIGpXFA2TEnbtwQiAnA","TRUE","none","0","2021-10-10T14:33:28Z","2021-10-10T14:33:28Z"
"32","1Z6CHioIn3s","very epic!","very epic!","Matej Kopecký","https://yt3.ggpht.com/ytc/AKedOLQIvuGrzqUI4V6423v4FdXkyJU-VzC_TuDwHQ=s48-c-k-c0x00ffffff-no-rj","http://www.youtube.com/channel/UC6kRGQBnQ0Lq5MYiiSnHeug","UC6kRGQBnQ0Lq5MYiiSnHeug","TRUE","none","0","2021-10-10T14:08:34Z","2021-10-10T14:08:34Z"
"33","1Z6CHioIn3s","Linkin Park","Linkin Park","Pablo Luque","https://yt3.ggpht.com/ytc/AKedOLQhIApO6Sj-oK_3DEN3U_-NzO7qKH_SEaqNQg=s48-c-k-c0x00ffffff-no-rj","http://www.youtube.com/channel/UCZgGitHgl4Sog0elXMZKW9w","UCZgGitHgl4Sog0elXMZKW9w","TRUE","none","0","2021-10-10T14:06:44Z","2021-10-10T14:06:44Z"
"34","1Z6CHioIn3s","This company can do everything multimedia vise, like animations, series, movies, sound design, albums. Only thing they do not know how to do, is how to balance their game xd","This company can do everything multimedia vise, like animations, series, movies, sound design, albums. Only thing they do not know how to do, is how to balance their game xd","LocDog98","https://yt3.ggpht.com/ytc/AKedOLR5qPBkrE-LX-FXjxtOCtdWh-_kX5q-sGrMHDCu=s48-c-k-c0x00ffffff-no-rj","http://www.youtube.com/channel/UCHqExdYy7T7AVbGvEN_UMcw","UCHqExdYy7T7AVbGvEN_UMcw","TRUE","none","0","2021-10-10T14:04:52Z","2021-10-10T14:04:52Z"
"35","1Z6CHioIn3s","Yes! All ADC and Mage in a melee range combat, that&#39;s very League","Yes! All ADC and Mage in a melee range combat, that's very League","Hypnos","https://yt3.ggpht.com/ytc/AKedOLSxYELQhGcnwaiYDNG6upnI4wWKzVznUvLkFC0WQDM=s48-c-k-c0x00ffffff-no-rj","http://www.youtube.com/channel/UCuZAqN-_U6VB67m4TN1dx9w","UCuZAqN-_U6VB67m4TN1dx9w","TRUE","none","0","2021-10-10T13:48:16Z","2021-10-10T13:48:45Z"
"36","1Z6CHioIn3s","every year i cannot be more impressed","every year i cannot be more impressed","Chico Da Trincha","https://yt3.ggpht.com/ytc/AKedOLRp8XyBzqAyFBtyrr4TFHutuxVZNNXNxZChTNuXyw=s48-c-k-c0x00ffffff-no-rj","http://www.youtube.com/channel/UC_4ArFQGhGFZkljTYL7teRw","UC_4ArFQGhGFZkljTYL7teRw","TRUE","none","0","2021-10-10T13:40:52Z","2021-10-10T13:40:52Z"
"37","1Z6CHioIn3s","I have never watched worlds so I only know the main character.","I have never watched worlds so I only know the main character.","reka10","https://yt3.ggpht.com/ytc/AKedOLRyRFAjbCchU7nMPbPq3NM6eZte7xaS4g2-rUzQ3A=s48-c-k-c0x00ffffff-no-rj","http://www.youtube.com/channel/UC4L1jEAWg85RsOZtk2LxFLw","UC4L1jEAWg85RsOZtk2LxFLw","TRUE","none","0","2021-10-10T13:11:52Z","2021-10-10T13:11:52Z"
"38","1Z6CHioIn3s","i love when riot makes his/her games better with music","i love when riot makes his/her games better with music","MichaelTheFanboy","https://yt3.ggpht.com/02QXXEpULLFiR9kJldBBvipD37ZpIm-KjSFnh5EsRKTAJVT1HvdJH-RHj4pJcIOcp8Ls8Hcb4A=s48-c-k-c0x00ffffff-no-rj","http://www.youtube.com/channel/UCvfA8m8CAseGGVZO9Go4uLw","UCvfA8m8CAseGGVZO9Go4uLw","TRUE","none","0","2021-10-10T13:10:53Z","2021-10-10T13:10:53Z"
"39","1Z6CHioIn3s","riot... where animators get paid well &lt;3","riot... where animators get paid well <3","Robin Gloor","https://yt3.ggpht.com/ytc/AKedOLR6cXBXyy_9bFf5kvpQ9MmR1SQcqSUn_rH_7s9IgA=s48-c-k-c0x00ffffff-no-rj","http://www.youtube.com/channel/UCmP1rbotFsavwDbT3bfUQeQ","UCmP1rbotFsavwDbT3bfUQeQ","TRUE","none","1","2021-10-10T13:09:32Z","2021-10-10T13:09:32Z"
"40","1Z6CHioIn3s","no mf? wtf","no mf? wtf","way2ez","https://yt3.ggpht.com/ytc/AKedOLSYkjkSFq4R8qA_uiTJJqROZeIygRH2p1yb4pB2=s48-c-k-c0x00ffffff-no-rj","http://www.youtube.com/channel/UCZdFo_4cb02nWEdN9FxzT2w","UCZdFo_4cb02nWEdN9FxzT2w","TRUE","none","1","2021-10-10T12:56:52Z","2021-10-10T12:56:52Z"
"41","1Z6CHioIn3s","no tyler1?","no tyler1?","way2ez","https://yt3.ggpht.com/ytc/AKedOLSYkjkSFq4R8qA_uiTJJqROZeIygRH2p1yb4pB2=s48-c-k-c0x00ffffff-no-rj","http://www.youtube.com/channel/UCZdFo_4cb02nWEdN9FxzT2w","UCZdFo_4cb02nWEdN9FxzT2w","TRUE","none","0","2021-10-10T12:54:50Z","2021-10-10T12:54:50Z"
"42","1Z6CHioIn3s","soooo funny hahah it isn&#39;t tough! I think the main mistake closed that players need to summon champions not fight with each other self","soooo funny hahah it isn't tough! I think the main mistake closed that players need to summon champions not fight with each other self","Alexander Sovun","https://yt3.ggpht.com/ytc/AKedOLTos-qkPP9XeIUdw-d1pkBeySxHWB3AJsNS79qAXg=s48-c-k-c0x00ffffff-no-rj","http://www.youtube.com/channel/UCeEd39aTazudN2LgykurJLg","UCeEd39aTazudN2LgykurJLg","TRUE","none","0","2021-10-10T12:51:42Z","2021-10-10T12:51:42Z"
"43","1Z6CHioIn3s","ZzZzZzZzZzZz <U+0001F634>","ZzZzZzZzZzZz <U+0001F634>","Remember Your Friend","https://yt3.ggpht.com/ytc/AKedOLTYvARprV-AyF8e0G3hMdgOj5A7nk7u8VptfSP0IQ=s48-c-k-c0x00ffffff-no-rj","http://www.youtube.com/channel/UCPMCMRjGR-nI-W-4uNau0ug","UCPMCMRjGR-nI-W-4uNau0ug","TRUE","none","0","2021-10-10T12:40:27Z","2021-10-10T12:40:27Z"
"44","1Z6CHioIn3s","Nice animation, decent beat. lyrics were trash tho. And didn&#39;t fit the song at all. They clearly weren&#39;t written for it.","Nice animation, decent beat. lyrics were trash tho. And didn't fit the song at all. They clearly weren't written for it.","Daymjo","https://yt3.ggpht.com/ytc/AKedOLRHKXknh4eL6GYu5B4PJwxwS6rEcXZ9z_yu6sY=s48-c-k-c0x00ffffff-no-rj","http://www.youtube.com/channel/UCUzpAYoR0x9x0-KQSrR22fg","UCUzpAYoR0x9x0-KQSrR22fg","TRUE","none","0","2021-10-10T12:28:53Z","2021-10-10T12:28:53Z"
"45","1Z6CHioIn3s","de locos","de locos","Lu!","https://yt3.ggpht.com/ytc/AKedOLTah-iUDKlwjWL3FnHVmqdiyNn3Kjg3rWv06CAyLQ=s48-c-k-c0x00ffffff-no-rj","http://www.youtube.com/channel/UC9Megw_MONyckG-3dsiLF7Q","UC9Megw_MONyckG-3dsiLF7Q","TRUE","none","0","2021-10-10T12:03:16Z","2021-10-10T12:03:16Z"
"46","1Z6CHioIn3s","I love it, the animation was amazing, the song is good <U+0001F60C>","I love it, the animation was amazing, the song is good <U+0001F60C>","The Low Cabo","https://yt3.ggpht.com/WOplkx4qhNXDtT6iEl2GYF2gxlRajT2f8dNQqbT0dUXBa_MDLyokxgtKB7Dc-OM_74WASbkVVbU=s48-c-k-c0x00ffffff-no-rj","http://www.youtube.com/channel/UCDpT2iXK5KckCDnWUzhtIBg","UCDpT2iXK5KckCDnWUzhtIBg","TRUE","none","0","2021-10-10T11:55:42Z","2021-10-10T11:55:42Z"
"47","1Z6CHioIn3s","I BET ON SKT 1 !!!!","I BET ON SKT 1 !!!!","Carl Angelo Eslit","https://yt3.ggpht.com/ytc/AKedOLRCwJcHUYx7zYL-ycdgXlIB7-ctPjE0RYap4v-JFg=s48-c-k-c0x00ffffff-no-rj","http://www.youtube.com/channel/UCkbbWby2Z1kohdKntGlpg1Q","UCkbbWby2Z1kohdKntGlpg1Q","TRUE","none","0","2021-10-10T11:55:41Z","2021-10-10T11:55:41Z"
"48","1Z6CHioIn3s","me : where is faker","me : where is faker","George Roa","https://yt3.ggpht.com/ytc/AKedOLS3vN24-hpNCBW9-_tXN8QV46BE9WgErX8hGQ=s48-c-k-c0x00ffffff-no-rj","http://www.youtube.com/channel/UCv1FNSKtBjuZLqlXATd_l2g","UCv1FNSKtBjuZLqlXATd_l2g","TRUE","none","0","2021-10-10T11:19:23Z","2021-10-10T11:19:23Z"
"49","1Z6CHioIn3s","<a href=""https://www.youtube.com/watch?v=1Z6CHioIn3s&amp;t=1m46s"">1:46</a> <U+C810><U+C2EC><U+B098><U+AC00><U+C11C> <U+BA39><U+C744> <U+AC83> <U+AC19><U+C560>","1:46 <U+C810><U+C2EC><U+B098><U+AC00><U+C11C> <U+BA39><U+C744> <U+AC83> <U+AC19><U+C560>","<U+B9DB><U+C788><U+B294><U+C0AC><U+C804>","https://yt3.ggpht.com/ytc/AKedOLReHjkbMldapsb5n887EdtSS-NzcBdpjDgsozth=s48-c-k-c0x00ffffff-no-rj","http://www.youtube.com/channel/UCJksu_mlNv_nNN4gI1fNd9w","UCJksu_mlNv_nNN4gI1fNd9w","TRUE","none","1","2021-10-10T11:08:41Z","2021-10-10T11:08:41Z"
"50","1Z6CHioIn3s","Imagine being so good at making animations, and you spend your time on games instead of film making.","Imagine being so good at making animations, and you spend your time on games instead of film making.","Memecenter 122","https://yt3.ggpht.com/ytc/AKedOLS-Zh9dyidk-0uac2PIVfRLhA16lTJAS22l9HWz=s48-c-k-c0x00ffffff-no-rj","http://www.youtube.com/channel/UCdIpqVCXURlbnwPkZ-8_ahw","UCdIpqVCXURlbnwPkZ-8_ahw","TRUE","none","0","2021-10-10T10:44:07Z","2021-10-10T10:44:07Z"
"51","1Z6CHioIn3s","<a href=""https://www.youtube.com/watch?v=1Z6CHioIn3s&amp;t=0m57s"">0:57</a> <a href=""https://www.youtube.com/watch?v=1Z6CHioIn3s&amp;t=2m49s"">2:49</a> jhin","0:57 2:49 jhin","Dragox YT","https://yt3.ggpht.com/ytc/AKedOLS5U1bhaGAOWF5XipdFRrz56vEXfy2rlh-VqxHS=s48-c-k-c0x00ffffff-no-rj","http://www.youtube.com/channel/UCVH9RoimBpm1YPvMOm874VQ","UCVH9RoimBpm1YPvMOm874VQ","TRUE","none","0","2021-10-10T10:20:31Z","2021-10-10T10:22:28Z"
"52","1Z6CHioIn3s","the way it went to 2d -&gt; 3d just so cool","the way it went to 2d -> 3d just so cool","Jr.DanielBoi","https://yt3.ggpht.com/hxjni6D1GdA4yQUydvzVMMk1H3Rem8nelf-A_2NcdoD87K6v_t20odnL_kQiOiufRv3oE8_7v_U=s48-c-k-c0x00ffffff-no-rj","http://www.youtube.com/channel/UC67oh_4aD5FC--r8D5ahmnQ","UC67oh_4aD5FC--r8D5ahmnQ","TRUE","none","0","2021-10-10T10:19:18Z","2021-10-10T10:19:18Z"
"53","1Z6CHioIn3s","stuttering pyromaniac","stuttering pyromaniac","Tan Yaw Heng","https://yt3.ggpht.com/ytc/AKedOLRFLAL-69P8dAvvkK9V2nzRTJ5D91MF1Otj_aOSuQ=s48-c-k-c0x00ffffff-no-rj","http://www.youtube.com/channel/UCcTKm10lDDYVD59cRGDl0aQ","UCcTKm10lDDYVD59cRGDl0aQ","TRUE","none","0","2021-10-10T09:51:47Z","2021-10-10T09:51:47Z"
"54","1Z6CHioIn3s","Will doggo be in next mv off worlds","Will doggo be in next mv off worlds","<U+76E7><U+54C1><U+8AFA>","https://yt3.ggpht.com/ytc/AKedOLSc7tIao7KDa82s-kFrs5rrqGI9CNhdLK85bWGS=s48-c-k-c0x00ffffff-no-rj","http://www.youtube.com/channel/UCjcuFAbsDJWICbTQCVfsWjA","UCjcuFAbsDJWICbTQCVfsWjA","TRUE","none","0","2021-10-10T09:46:53Z","2021-10-10T09:46:53Z"
"55","1Z6CHioIn3s","<U+C2DC><U+B124><U+B9C8><U+D2F1><U+C5D0> <U+C9C4><U+C2EC><U+C778> <U+C0AC><U+B78C><U+B4E4>","<U+C2DC><U+B124><U+B9C8><U+D2F1><U+C5D0> <U+C9C4><U+C2EC><U+C778> <U+C0AC><U+B78C><U+B4E4>","SkyCat","https://yt3.ggpht.com/vnlVmVXvFhsynSb4sCgGS4eAAzlK-wnZqqFacLvA-BeNj6UHBSMkS-0fsIymZJv5UBEm3GB6EJE=s48-c-k-c0x00ffffff-no-rj","http://www.youtube.com/channel/UCTkV4aFTKEaSw4qS6FvRUSw","UCTkV4aFTKEaSw4qS6FvRUSw","TRUE","none","0","2021-10-10T09:37:28Z","2021-10-10T09:37:28Z"
"56","1Z6CHioIn3s","why  can&#39;t i download it","why  can't i download it","Tr<U+1EA7>n Long","https://yt3.ggpht.com/ytc/AKedOLRri3UQKyntS2z_s2YKTqTet7RWHaTVbybpY1H-=s48-c-k-c0x00ffffff-no-rj","http://www.youtube.com/channel/UCcbv_DTnPenYbLYM01DAPcQ","UCcbv_DTnPenYbLYM01DAPcQ","TRUE","none","0","2021-10-10T09:20:21Z","2021-10-10T09:21:06Z"
"57","1Z6CHioIn3s","Cringe","Cringe","<U+041C><U+0430><U+043A><U+0441><U+0438><U+043C> <U+0426><U+0430><U+0440><U+0435><U+0432>","https://yt3.ggpht.com/ytc/AKedOLSPC1fO4Fs-ggvAp0aCprASHgo7lz-A_JHYcb2V4g=s48-c-k-c0x00ffffff-no-rj","http://www.youtube.com/channel/UC1Asp1y8fAJe0PsmsuJhY1w","UC1Asp1y8fAJe0PsmsuJhY1w","TRUE","none","0","2021-10-10T09:09:35Z","2021-10-10T09:09:35Z"
"58","1Z6CHioIn3s","Is that faker","Is that faker","Naigi","https://yt3.ggpht.com/ytc/AKedOLT8_05oj1NyJU3TT3yLp8eKyG8WXp35dDbgwAkE=s48-c-k-c0x00ffffff-no-rj","http://www.youtube.com/channel/UCPchCdCOG0O-TEIcw7CgwIQ","UCPchCdCOG0O-TEIcw7CgwIQ","TRUE","none","0","2021-10-10T08:51:11Z","2021-10-10T08:51:11Z"
"59","1Z6CHioIn3s","&quot;Faker is like the Stan Lee of League, it doesn&#39;t matter if he made it to Worlds, he&#39;ll make a cameo&quot; just copied from Just Some Guy on Worlds 2020 mv. comment section","""Faker is like the Stan Lee of League, it doesn't matter if he made it to Worlds, he'll make a cameo"" just copied from Just Some Guy on Worlds 2020 mv. comment section","Chosita Raungthap","https://yt3.ggpht.com/ytc/AKedOLQJEab_TXrLUJ-CiGHxCRSGBpXUIHSza-ZM1w6EhQ=s48-c-k-c0x00ffffff-no-rj","http://www.youtube.com/channel/UCgTG9qKWgE6lHaxna6Ul2KA","UCgTG9qKWgE6lHaxna6Ul2KA","TRUE","none","0","2021-10-10T08:36:15Z","2021-10-10T08:36:15Z"
"60","1Z6CHioIn3s","That blue jacket reminds me of faker is that on purpose or am I getting delusional","That blue jacket reminds me of faker is that on purpose or am I getting delusional","Erarudo Koiru","https://yt3.ggpht.com/ytc/AKedOLTveTgKEaXj5A-27dnEGKvd0FFkKeca5_zFUwPG=s48-c-k-c0x00ffffff-no-rj","http://www.youtube.com/channel/UCUXIsyNvot8ruD1X9FOzo0Q","UCUXIsyNvot8ruD1X9FOzo0Q","TRUE","none","0","2021-10-10T08:15:26Z","2021-10-10T08:15:26Z"
"61","1Z6CHioIn3s","Great!","Great!","Filipe dos Santos","https://yt3.ggpht.com/ytc/AKedOLRjAQCjixiAMXseBvMHy48CcgRiNDGJhDyiJQJu=s48-c-k-c0x00ffffff-no-rj","http://www.youtube.com/channel/UCvvt095qrJrtkp3f-iwBO5w","UCvvt095qrJrtkp3f-iwBO5w","TRUE","none","0","2021-10-10T07:52:56Z","2021-10-10T07:52:56Z"
"62","1Z6CHioIn3s","kh có ph<U+1EE5> d<U+1EC1> ti<U+1EBF>ng vi<U+1EC7>t hoi bùn","kh có ph<U+1EE5> d<U+1EC1> ti<U+1EBF>ng vi<U+1EC7>t hoi bùn","Hieu Chung","https://yt3.ggpht.com/ytc/AKedOLQI-QrxFErvkGsKJfcdK0MLYWy01Ubm_0gFPTbTRg=s48-c-k-c0x00ffffff-no-rj","http://www.youtube.com/channel/UCt7nNiR6k56O139VLXfOqYQ","UCt7nNiR6k56O139VLXfOqYQ","TRUE","none","0","2021-10-10T07:42:51Z","2021-10-10T07:42:51Z"
"63","1Z6CHioIn3s","C&#39;est qui le 2 Joueurs ? Faker et ????","C'est qui le 2 Joueurs ? Faker et ????","Jimmy","https://yt3.ggpht.com/ytc/AKedOLSyEdjp0trlBPhQIUebLl7z8jTy8RdM3GHT3BALkA=s48-c-k-c0x00ffffff-no-rj","http://www.youtube.com/channel/UCy6wWszHSLHnwdCn0Lcu_Cg","UCy6wWszHSLHnwdCn0Lcu_Cg","TRUE","none","0","2021-10-10T07:42:40Z","2021-10-10T07:42:40Z"
"64","1Z6CHioIn3s","<a href=""https://www.youtube.com/watch?v=1Z6CHioIn3s&amp;t=1m11s"">1:11</a>","1:11","<U+C2ED><U+C0BC><U+C6D4>","https://yt3.ggpht.com/ytc/AKedOLRXI1vLYPmx16Hv5OqD42HVnmN79U2W9o1YS5k43Q=s48-c-k-c0x00ffffff-no-rj","http://www.youtube.com/channel/UCiOZS5cMOI4k2Wc8how9btA","UCiOZS5cMOI4k2Wc8how9btA","TRUE","none","0","2021-10-10T07:14:31Z","2021-10-10T07:14:31Z"
"65","1Z6CHioIn3s","<U+CA4C>,,,,<U+CA50><U+B2E4>,,","<U+CA4C>,,,,<U+CA50><U+B2E4>,,","Arty _328","https://yt3.ggpht.com/ytc/AKedOLTOeUIsVBjupHzOLFhFj4ZaFvrPwPDir83jz-593Q=s48-c-k-c0x00ffffff-no-rj","http://www.youtube.com/channel/UC1iMBRSpZEvE5SGPww9cq2A","UC1iMBRSpZEvE5SGPww9cq2A","TRUE","none","0","2021-10-10T06:51:35Z","2021-10-10T06:51:35Z"
"66","1Z6CHioIn3s","Keren bett njir kalah tuh animasi game sebelah","Keren bett njir kalah tuh animasi game sebelah","Rip _z","https://yt3.ggpht.com/ytc/AKedOLT8kZHkWiXWY8QEJZO00yNzQkXA5ZXuKsD2jbpR=s48-c-k-c0x00ffffff-no-rj","http://www.youtube.com/channel/UC3xH_ntpoZ2aR2F43s_20ZQ","UC3xH_ntpoZ2aR2F43s_20ZQ","TRUE","none","0","2021-10-10T06:50:09Z","2021-10-10T06:50:09Z"
"67","1Z6CHioIn3s","Good thing this wasn&#39;t published 2 years ago with the bushfires and all... <U+0001F643>","Good thing this wasn't published 2 years ago with the bushfires and all... <U+0001F643>","Shadowhunter27","https://yt3.ggpht.com/ytc/AKedOLShuWGy2LFwpM525LYygW2BUv8Y2l5ItCvlkZFq=s48-c-k-c0x00ffffff-no-rj","http://www.youtube.com/channel/UCehiNMA5peJv1PwDW-CHzbg","UCehiNMA5peJv1PwDW-CHzbg","TRUE","none","0","2021-10-10T06:37:00Z","2021-10-10T06:37:00Z"
"68","1Z6CHioIn3s","<U+CC98><U+C74C><U+C5D4> <U+B4E3><U+ACE0> <U+C804> <U+B178><U+B798><U+B4E4> <U+BE44><U+D574><U+C120> <U+C880> <U+C544><U+C26C><U+C6B4><U+B370>? <U+C774><U+B7F0> <U+B290><U+B08C><U+C774><U+C600><U+B294><U+B370> <U+B4E3><U+B2E4><U+BCF4><U+B2C8> <U+C810><U+C810> <U+C88B><U+C740> <U+B178><U+B798><U+B77C><U+ACE0> <U+B290><U+B08C>","<U+CC98><U+C74C><U+C5D4> <U+B4E3><U+ACE0> <U+C804> <U+B178><U+B798><U+B4E4> <U+BE44><U+D574><U+C120> <U+C880> <U+C544><U+C26C><U+C6B4><U+B370>? <U+C774><U+B7F0> <U+B290><U+B08C><U+C774><U+C600><U+B294><U+B370> <U+B4E3><U+B2E4><U+BCF4><U+B2C8> <U+C810><U+C810> <U+C88B><U+C740> <U+B178><U+B798><U+B77C><U+ACE0> <U+B290><U+B08C>","<U+CE74><U+CE74><U+C624>youtube","https://yt3.ggpht.com/ytc/AKedOLTqS0kpCSJDM5ddlqt3fBb12n1Db8JjpScg2pec=s48-c-k-c0x00ffffff-no-rj","http://www.youtube.com/channel/UCx4sUGk3rySU2WRurzDZe9A","UCx4sUGk3rySU2WRurzDZe9A","TRUE","none","2","2021-10-10T06:25:59Z","2021-10-10T06:25:59Z"
"69","1Z6CHioIn3s","<a href=""https://www.youtube.com/watch?v=1Z6CHioIn3s&amp;t=1m45s"">1:45</a> <U+BB34><U+C57C><U+D638>~~!","1:45 <U+BB34><U+C57C><U+D638>~~!","<U+C7A5><U+C131><U+ADDC>","https://yt3.ggpht.com/ytc/AKedOLRQ0mzGbbVfexBMrw4DK0v-E-XCPI0vjfGxcwcsEA=s48-c-k-c0x00ffffff-no-rj","http://www.youtube.com/channel/UCjFsy38dvpJ8FVrXJ9gfp8A","UCjFsy38dvpJ8FVrXJ9gfp8A","TRUE","none","0","2021-10-10T06:21:30Z","2021-10-10T06:21:30Z"
"70","1Z6CHioIn3s","Damm sneak peak of new game XD?","Damm sneak peak of new game XD?","Roi Liao vlogs.","https://yt3.ggpht.com/ytc/AKedOLR1vhq5cZZ8FeGa7G5rejAoVAKfhfqzYeEgCNr2Tg=s48-c-k-c0x00ffffff-no-rj","http://www.youtube.com/channel/UCtItM0tePDHGPjC1rAU0X2w","UCtItM0tePDHGPjC1rAU0X2w","TRUE","none","0","2021-10-10T05:37:57Z","2021-10-10T05:37:57Z"
"71","1Z6CHioIn3s","&quot;Keep talking ,keep laughing ,One day you will see what happens&quot; <U+0001F525><U+0001F525><U+0001F525><U+0001F525><U+0001F525><U+0001F525><U+0001F525>","""Keep talking ,keep laughing ,One day you will see what happens"" <U+0001F525><U+0001F525><U+0001F525><U+0001F525><U+0001F525><U+0001F525><U+0001F525>","satish nandal","https://yt3.ggpht.com/ytc/AKedOLTSigvE3MfUp9GfmphCHjg-ndUfGOSKBMTpnA=s48-c-k-c0x00ffffff-no-rj","http://www.youtube.com/channel/UCSiMpvJxnluBWSayJeGl7jQ","UCSiMpvJxnluBWSayJeGl7jQ","TRUE","none","0","2021-10-10T05:00:51Z","2021-10-10T05:03:53Z"
"72","1Z6CHioIn3s","foda.","foda.","Rubens Romualdo","https://yt3.ggpht.com/ytc/AKedOLRKKEmI_CJfQFCLsOcvGw1QyfgeVrHg7yTJtlZ_4A=s48-c-k-c0x00ffffff-no-rj","http://www.youtube.com/channel/UCanuK4VkoP2iXAEzvnCj8hw","UCanuK4VkoP2iXAEzvnCj8hw","TRUE","none","0","2021-10-10T04:47:46Z","2021-10-10T04:47:46Z"
"73","1Z6CHioIn3s","BRTT <U+0001F62B>","BRTT <U+0001F62B>","lucas vianna luke","https://yt3.ggpht.com/ytc/AKedOLRGZTXZzKiQ_oRHTQEYy1YTTXqgXP1wr8nhtTq-=s48-c-k-c0x00ffffff-no-rj","http://www.youtube.com/channel/UCTUoecdt8_TJXVs_AYUVEbw","UCTUoecdt8_TJXVs_AYUVEbw","TRUE","none","0","2021-10-10T04:39:14Z","2021-10-10T04:39:14Z"
"74","1Z6CHioIn3s","OK! All the animators that worked on this are amazing, respect for the time PUT IN THIS!!! Thank You for the bit of wonder I got today.","OK! All the animators that worked on this are amazing, respect for the time PUT IN THIS!!! Thank You for the bit of wonder I got today.","Vanessa Velarios","https://yt3.ggpht.com/ytc/AKedOLSz-mMKPM2FXU7MIvE7ctEUCECcQoPwD3XrdhnA=s48-c-k-c0x00ffffff-no-rj","http://www.youtube.com/channel/UCy1luwVzjANYkiF9385bNxA","UCy1luwVzjANYkiF9385bNxA","TRUE","none","0","2021-10-10T04:38:01Z","2021-10-10T04:38:01Z"
"75","1Z6CHioIn3s","So the other song this year will be KDA, TRUE DAMAGE or the birth of a new group?","So the other song this year will be KDA, TRUE DAMAGE or the birth of a new group?","JESUS EMILIO OLMOS RAMIREZ","https://yt3.ggpht.com/ytc/AKedOLTyeO2R3e-QeinwyzMENVfmpdkMKZNOm1EaLFFz0A=s48-c-k-c0x00ffffff-no-rj","http://www.youtube.com/channel/UCwFOlDrI1yl4zRyve-v50aA","UCwFOlDrI1yl4zRyve-v50aA","TRUE","none","0","2021-10-10T04:28:15Z","2021-10-10T04:28:56Z"
"76","1Z6CHioIn3s","speed 1.5 GOOD","speed 1.5 GOOD","kornkanok tuangmongkhonchai","https://yt3.ggpht.com/ytc/AKedOLTVTlAZ_q6bPrpIt-x-ZO-KeEDP5hruBLaMY3jeIQ=s48-c-k-c0x00ffffff-no-rj","http://www.youtube.com/channel/UCaiv2ikD-2MBlHhtLUzOpfw","UCaiv2ikD-2MBlHhtLUzOpfw","TRUE","none","0","2021-10-10T04:07:45Z","2021-10-10T04:07:45Z"
"77","1Z6CHioIn3s","Demon King was revived!","Demon King was revived!","[LX]Evil2","https://yt3.ggpht.com/4NWdNl53Vy3tdUtgbMAJSWwIgT6-_9_FshTyWtFCQORe0CttH2DlybUqS3v8xRfSt5GCCQfZ=s48-c-k-c0x00ffffff-no-rj","http://www.youtube.com/channel/UCq_X7RTO4ClNz23pGCrZaCQ","UCq_X7RTO4ClNz23pGCrZaCQ","TRUE","none","0","2021-10-10T03:50:15Z","2021-10-10T03:50:15Z"
"78","1Z6CHioIn3s","OMG","OMG","Diego Barria","https://yt3.ggpht.com/ytc/AKedOLSG4pEj4zZt2CzqGf5bZeJk-dw_aENnIhUMPDtd=s48-c-k-c0x00ffffff-no-rj","http://www.youtube.com/channel/UChVjZ37xaXLl_9-BrPsvfwA","UChVjZ37xaXLl_9-BrPsvfwA","TRUE","none","0","2021-10-10T03:46:05Z","2021-10-10T03:46:05Z"
"79","1Z6CHioIn3s","<U+D398><U+C774><U+CEE4><U+AC00> <U+B0B4><U+B824><U+C628> <U+C655><U+C88C><U+C5D0> <U+B3C4><U+C804><U+D558><U+B294> <U+C1FC><U+BA54> <U+CD78><U+BE44>...<U+ADF8><U+B9AC><U+ACE0> <U+B2E4><U+C2DC> <U+D55C><U+BC88> <U+B3C4><U+C804><U+D558><U+B294> <U+D398><U+C774><U+CEE4> <U+C774><U+BC88> <U+B864><U+B4DC><U+CEF5><U+C774> <U+ADF8> <U+BAA8><U+B4E0> <U+C0C1><U+C9D5><U+C744> <U+AC16><U+C744> <U+C790><U+B97C> <U+ACA8><U+B8F0> <U+B4EF>...<br><U+D398><U+C774><U+CEE4><U+AC00> <U+C808><U+B300> <U+B864><U+C758> <U+C0C1><U+C9D5><U+C774> <U+B420><U+C9C0>...<U+C1FC><U+BA54><U+B098> <U+CD78><U+BE44><U+AC00> <U+B864><U+C758> <U+C0C1><U+C9D5><U+C774> <U+B418><U+B294> <U+C2DC><U+B300><U+AC00> <U+B420><U+C9C0>...<U+C1FC><U+BA54><U+B124> <U+D300><U+C774> <U+C6CC><U+B099> <U+C88B><U+C544><U+C11C> <U+C720><U+B9AC><U+D55C><U+B370> <U+B610> <U+BAA8><U+B974><U+C796><U+C5B4> <U+B864><U+B4DC><U+CEF5><U+C740>","<U+D398><U+C774><U+CEE4><U+AC00> <U+B0B4><U+B824><U+C628> <U+C655><U+C88C><U+C5D0> <U+B3C4><U+C804><U+D558><U+B294> <U+C1FC><U+BA54> <U+CD78><U+BE44>...<U+ADF8><U+B9AC><U+ACE0> <U+B2E4><U+C2DC> <U+D55C><U+BC88> <U+B3C4><U+C804><U+D558><U+B294> <U+D398><U+C774><U+CEE4> <U+C774><U+BC88> <U+B864><U+B4DC><U+CEF5><U+C774> <U+ADF8> <U+BAA8><U+B4E0> <U+C0C1><U+C9D5><U+C744> <U+AC16><U+C744> <U+C790><U+B97C> <U+ACA8><U+B8F0> <U+B4EF>...
<U+D398><U+C774><U+CEE4><U+AC00> <U+C808><U+B300> <U+B864><U+C758> <U+C0C1><U+C9D5><U+C774> <U+B420><U+C9C0>...<U+C1FC><U+BA54><U+B098> <U+CD78><U+BE44><U+AC00> <U+B864><U+C758> <U+C0C1><U+C9D5><U+C774> <U+B418><U+B294> <U+C2DC><U+B300><U+AC00> <U+B420><U+C9C0>...<U+C1FC><U+BA54><U+B124> <U+D300><U+C774> <U+C6CC><U+B099> <U+C88B><U+C544><U+C11C> <U+C720><U+B9AC><U+D55C><U+B370> <U+B610> <U+BAA8><U+B974><U+C796><U+C5B4> <U+B864><U+B4DC><U+CEF5><U+C740>","Yoon Tube","https://yt3.ggpht.com/ytc/AKedOLShLGtgYhO45Az1E-oKKesBEQ9O3U7w42EJTjVnKvY=s48-c-k-c0x00ffffff-no-rj","http://www.youtube.com/channel/UC15wIT3Ppd5TGUtiAeUdUSg","UC15wIT3Ppd5TGUtiAeUdUSg","TRUE","none","1","2021-10-10T02:50:43Z","2021-10-10T02:50:43Z"
"80","1Z6CHioIn3s","It&#39;s such a coincidence that I was just wondering if League of Legends is going to realese a Worlds 2021 music video and in a few seconds later it just popped up <U+0001F605>","It's such a coincidence that I was just wondering if League of Legends is going to realese a Worlds 2021 music video and in a few seconds later it just popped up <U+0001F605>","Commander Slayers","https://yt3.ggpht.com/ytc/AKedOLTVTYB-mM1fBcg9KBGgICHnwgEuYcBtAH37iTIL2w=s48-c-k-c0x00ffffff-no-rj","http://www.youtube.com/channel/UC-akjptzH50P1_OWFJmKhiw","UC-akjptzH50P1_OWFJmKhiw","TRUE","none","2","2021-10-10T02:11:09Z","2021-10-10T02:11:09Z"
"81","1Z6CHioIn3s","King&#39;s Avatar: LOL Esports Edition<br>I&#39;d gladly watch it!","King's Avatar: LOL Esports Edition
I'd gladly watch it!","Darker Than Xana","https://yt3.ggpht.com/ytc/AKedOLTHXKij09vdTJhnvKeQbd0jeYQ1fybY2B_6OQOE6g=s48-c-k-c0x00ffffff-no-rj","http://www.youtube.com/channel/UCLVQXzX2cOVpehZOuLAJWIA","UCLVQXzX2cOVpehZOuLAJWIA","TRUE","none","1","2021-10-10T00:48:53Z","2021-10-10T00:48:53Z"
"82","1Z6CHioIn3s","THE BES MUSIC","THE BES MUSIC","criss kyle","https://yt3.ggpht.com/ytc/AKedOLQj6mlzDtc0R8DI1XudJ1mCDzUdwzcN-XBClw=s48-c-k-c0x00ffffff-no-rj","http://www.youtube.com/channel/UCCDP3gX8YK080wms3asU3sQ","UCCDP3gX8YK080wms3asU3sQ","TRUE","none","0","2021-10-10T00:44:10Z","2021-10-10T00:44:10Z"
"83","1Z6CHioIn3s","<U+C9C0><U+B9AC><U+B178>..","<U+C9C0><U+B9AC><U+B178>..","72 SB","https://yt3.ggpht.com/ytc/AKedOLRd1hfntZgxzuCm_pUGDJG978H0hX2kbwHI1j8kRw=s48-c-k-c0x00ffffff-no-rj","http://www.youtube.com/channel/UCc9HpxYXTNQ8HyXv80B4b9g","UCc9HpxYXTNQ8HyXv80B4b9g","TRUE","none","0","2021-10-10T00:02:32Z","2021-10-10T00:02:32Z"
"84","1Z6CHioIn3s","I main Syndra and I&#39;m so excited to see that she appears in the presentation video of a world ! Make more animation of her pleaaaaase !","I main Syndra and I'm so excited to see that she appears in the presentation video of a world ! Make more animation of her pleaaaaase !","Amandine Mouls","https://yt3.ggpht.com/ytc/AKedOLTw5gV1MSkFi0bfuhnQsDQc72td1OtPP742h2r_ZQ=s48-c-k-c0x00ffffff-no-rj","http://www.youtube.com/channel/UClFSGxql5lSIqWDm4TEdGkA","UClFSGxql5lSIqWDm4TEdGkA","TRUE","none","0","2021-10-09T23:49:04Z","2021-10-09T23:49:04Z"
"85","1Z6CHioIn3s","This songs looks like personal motivation","This songs looks like personal motivation","AL3X1S88","https://yt3.ggpht.com/ytc/AKedOLRdYKi4chvCU33fmV433Yle5OXQDbAk8QDfTL2k=s48-c-k-c0x00ffffff-no-rj","http://www.youtube.com/channel/UC5NAf75gL5GlY6ycjEZj2DA","UC5NAf75gL5GlY6ycjEZj2DA","TRUE","none","0","2021-10-09T23:44:09Z","2021-10-09T23:44:09Z"
"86","1Z6CHioIn3s","I cant deny that the song is FIRE but how about you focus more into your game riot and balance it , fix its bugs ? Rather open a music industry and produce all songs you want.","I cant deny that the song is FIRE but how about you focus more into your game riot and balance it , fix its bugs ? Rather open a music industry and produce all songs you want.","Doctor Corona","https://yt3.ggpht.com/ytc/AKedOLSnDSQlEjmD_hYnTj_6nYfkGe5d64W-KxdN8uop=s48-c-k-c0x00ffffff-no-rj","http://www.youtube.com/channel/UCrFP2oVW_jKbkixr0ljkxWg","UCrFP2oVW_jKbkixr0ljkxWg","TRUE","none","0","2021-10-09T23:23:39Z","2021-10-09T23:23:39Z"
"87","1Z6CHioIn3s","<a href=""https://www.youtube.com/watch?v=1Z6CHioIn3s&amp;t=3m19s"">3:19</a> Who&#39;s hand is that. Having a debate and I really needa know ( bottom right)","3:19 Who's hand is that. Having a debate and I really needa know ( bottom right)","RakkyChan","https://yt3.ggpht.com/ytc/AKedOLTMdioXOZRBlLbstdIcIcsACxlGcVz-KUak5-vB=s48-c-k-c0x00ffffff-no-rj","http://www.youtube.com/channel/UCpwWjSlqNcTH-_qKEwqClrg","UCpwWjSlqNcTH-_qKEwqClrg","TRUE","none","0","2021-10-09T23:23:12Z","2021-10-09T23:23:12Z"
"88","1Z6CHioIn3s","O PAI TA NO CLIPE KARALHO","O PAI TA NO CLIPE KARALHO","videofacul","https://yt3.ggpht.com/ytc/AKedOLSbJ-NZtYFY-zQW_FfWpEcbxHuLwTVUKN2qHAZ4oHg7Deelrviycsnnw_9HGSSr=s48-c-k-c0x00ffffff-no-rj","http://www.youtube.com/channel/UCJC-1gKbUTAFeQqs9RiiNRQ","UCJC-1gKbUTAFeQqs9RiiNRQ","TRUE","none","0","2021-10-09T23:01:02Z","2021-10-09T23:01:02Z"
"89","1Z6CHioIn3s","A referência a jogos vorazes <U+0001F6D0>","A referência a jogos vorazes <U+0001F6D0>","edu hazuki","https://yt3.ggpht.com/ytc/AKedOLSxG3mhYQ_dAls6hl-h1Ob6K0KL4wqFOl5egA=s48-c-k-c0x00ffffff-no-rj","http://www.youtube.com/channel/UCFo7pzJ2gal_w5k78i89xLg","UCFo7pzJ2gal_w5k78i89xLg","TRUE","none","0","2021-10-09T22:37:10Z","2021-10-09T22:37:10Z"
"90","1Z6CHioIn3s","Lovelyyyyy <U+0001F60D><U+0001F60D><U+0001F60D><U+0001F60D><U+0001F60D>","Lovelyyyyy <U+0001F60D><U+0001F60D><U+0001F60D><U+0001F60D><U+0001F60D>","Adalberto Castro Neto","https://yt3.ggpht.com/ytc/AKedOLR8X83wfFrkHoCAsL8ZokTddtwvnNygZSLQEA=s48-c-k-c0x00ffffff-no-rj","http://www.youtube.com/channel/UCLUx5xSpBMFYTjtK0k9YEwA","UCLUx5xSpBMFYTjtK0k9YEwA","TRUE","none","0","2021-10-09T22:35:15Z","2021-10-09T22:35:15Z"
"91","1Z6CHioIn3s","I donot play lol but man thier music videos are awesome.","I donot play lol but man thier music videos are awesome.","Sebastian Fer","https://yt3.ggpht.com/ytc/AKedOLRsHjCX7cwiodF0gEBCaoSzMlmKj-8kpMHoeBPWnA=s48-c-k-c0x00ffffff-no-rj","http://www.youtube.com/channel/UCrJ8xQhbww730laWryBcNoA","UCrJ8xQhbww730laWryBcNoA","TRUE","none","0","2021-10-09T22:25:12Z","2021-10-09T22:25:12Z"
"92","1Z6CHioIn3s","Deberian sacar un anime","Deberian sacar un anime","Marco Adarmes","https://yt3.ggpht.com/ytc/AKedOLQyvxtvKu46-GvgqPJoPlmv44XY2qB_drCytMik=s48-c-k-c0x00ffffff-no-rj","http://www.youtube.com/channel/UCqt3mGs_eET_Fj0cR_KAhaw","UCqt3mGs_eET_Fj0cR_KAhaw","TRUE","none","0","2021-10-09T22:21:18Z","2021-10-09T22:21:18Z"
"93","1Z6CHioIn3s","Ngl I&#39;m kinda more interested in this as the &#39;League of Legends&#39; anime as opposed to the actual lore of the champions.","Ngl I'm kinda more interested in this as the 'League of Legends' anime as opposed to the actual lore of the champions.","Ridikis","https://yt3.ggpht.com/ytc/AKedOLSsIDGuzCnz7zE0AVeMhSfYyUzhAcytK9l3fPb73w=s48-c-k-c0x00ffffff-no-rj","http://www.youtube.com/channel/UCfjOokGkrSlXCn11EEskXAQ","UCfjOokGkrSlXCn11EEskXAQ","TRUE","none","0","2021-10-09T22:17:59Z","2021-10-09T22:17:59Z"
"94","1Z6CHioIn3s","INCRÍVEL","INCRÍVEL","Lorenzo Ravalha","https://yt3.ggpht.com/ytc/AKedOLRw2lBjMYkt06IrgZs2TbNQHNjPchwKidtuCn2Xkg=s48-c-k-c0x00ffffff-no-rj","http://www.youtube.com/channel/UCtD9WfVhZzrDQL0sKdsWxqg","UCtD9WfVhZzrDQL0sKdsWxqg","TRUE","none","1","2021-10-09T22:06:46Z","2021-10-09T22:06:46Z"
"95","1Z6CHioIn3s","parabéns, otima animação.","parabéns, otima animação.","felipe camargo","https://yt3.ggpht.com/ytc/AKedOLT9fkfBEogtUEJxwbogWG-rVqN_G01tlJEjcw=s48-c-k-c0x00ffffff-no-rj","http://www.youtube.com/channel/UCziaBSLGvbpuVmaNo5qOLUQ","UCziaBSLGvbpuVmaNo5qOLUQ","TRUE","none","0","2021-10-09T22:00:12Z","2021-10-09T22:00:12Z"
"96","1Z6CHioIn3s","Coming here after every BO5 I AM SO HYPED FOR THIS WORLDS","Coming here after every BO5 I AM SO HYPED FOR THIS WORLDS","Perni CiousThought","https://yt3.ggpht.com/ytc/AKedOLQ4XduXaEfbPC3-Eg12dPL55odrzn_0pBQDaHc0=s48-c-k-c0x00ffffff-no-rj","http://www.youtube.com/channel/UC5YCPd2Q_Ql-1rR9Mliat3g","UC5YCPd2Q_Ql-1rR9Mliat3g","TRUE","none","0","2021-10-09T21:35:09Z","2021-10-09T21:35:09Z"
"97","1Z6CHioIn3s","The animations are fire but I kinda dislike the song, miss songs like Rise or Take Over.","The animations are fire but I kinda dislike the song, miss songs like Rise or Take Over.","Ekberg","https://yt3.ggpht.com/ytc/AKedOLS14__AKG_3zp8QQsWp75fyd8UKBp626UH5_A=s48-c-k-c0x00ffffff-no-rj","http://www.youtube.com/channel/UCyVF-dnsB7dBj5WBjSBywFg","UCyVF-dnsB7dBj5WBjSBywFg","TRUE","none","0","2021-10-09T21:24:45Z","2021-10-09T21:24:45Z"
"98","1Z6CHioIn3s","it remembered me of chaotic","it remembered me of chaotic","Overheat","https://yt3.ggpht.com/ytc/AKedOLTUPWQhhTUgS8O9vKVPW_p62toUjaCJnSZ0BIxKhA=s48-c-k-c0x00ffffff-no-rj","http://www.youtube.com/channel/UCBWoA5uTqVbcGgxX1qzt0mA","UCBWoA5uTqVbcGgxX1qzt0mA","TRUE","none","0","2021-10-09T21:17:05Z","2021-10-09T21:17:05Z"
"99","1Z6CHioIn3s","wea malarda","wea malarda","Mauricio Ramirez","https://yt3.ggpht.com/ytc/AKedOLSy6eFloZ6c7iGA45L9RUKfLzpS_MZJXNMI=s48-c-k-c0x00ffffff-no-rj","http://www.youtube.com/channel/UCGyz_b-LCBVI4MpUUm7a0JQ","UCGyz_b-LCBVI4MpUUm7a0JQ","TRUE","none","0","2021-10-09T21:04:37Z","2021-10-09T21:04:37Z"
"100","1Z6CHioIn3s","<U+0432><U+0441><U+0451>, <U+0436><U+0434><U+0443> <U+0430><U+043D><U+0438><U+043C><U+0435> <U+043F><U+043E> <U+043B><U+0438><U+0433><U+0435> <U+043B><U+0435><U+0433><U+0435><U+043D><U+0434>","<U+0432><U+0441><U+0451>, <U+0436><U+0434><U+0443> <U+0430><U+043D><U+0438><U+043C><U+0435> <U+043F><U+043E> <U+043B><U+0438><U+0433><U+0435> <U+043B><U+0435><U+0433><U+0435><U+043D><U+0434>","Patapuff Channel","https://yt3.ggpht.com/ytc/AKedOLRYtTmzRRcYgmwqtNVc56E5yuR8nXSzsCugmCskZA=s48-c-k-c0x00ffffff-no-rj","http://www.youtube.com/channel/UCwPlu0iHwYKdhbuPD1-xOrA","UCwPlu0iHwYKdhbuPD1-xOrA","TRUE","none","0","2021-10-09T20:58:52Z","2021-10-09T20:58:52Z"
