"","videoId","textDisplay","textOriginal","authorDisplayName","authorProfileImageUrl","authorChannelUrl","authorChannelId.value","canRate","viewerRating","likeCount","publishedAt","updatedAt"
"1","UOxkGD8qRB4","PAVLA PELUNÁKOVÁ SICE NEMÁ KOZY, ale aspon nemá tak povislý pysky jako KONY LMAO","PAVLA PELUNÁKOVÁ SICE NEMÁ KOZY, ale aspon nemá tak povislý pysky jako KONY LMAO","Werki Cz","https://yt3.ggpht.com/ytc/AKedOLQhvCMozVHODmQvK-Ai9hCVZLhqHbWgrmkqQ0ph=s48-c-k-c0x00ffffff-no-rj","http://www.youtube.com/channel/UCn-TuUjaO9po2UOjpUpkh_g","UCn-TuUjaO9po2UOjpUpkh_g","TRUE","none","0","2021-10-10T20:08:26Z","2021-10-10T20:08:26Z"
"2","UOxkGD8qRB4","david nehorázne tancuje s pavlou na maturitaku a bude ji chytat za kozy.. JO POCKEJ","david nehorázne tancuje s pavlou na maturitaku a bude ji chytat za kozy.. JO POCKEJ","Jakub Hejzlar","https://yt3.ggpht.com/ytc/AKedOLT_1CghRafadS5vHiXQlJWMTwAmdBStSPS-gg=s48-c-k-c0x00ffffff-no-rj","http://www.youtube.com/channel/UCbNsog7235CJXj9uzpCNSYQ","UCbNsog7235CJXj9uzpCNSYQ","TRUE","none","0","2021-10-10T20:07:53Z","2021-10-10T20:07:53Z"
"3","UOxkGD8qRB4","jakub hejzlar ma tak strasne nadrzeny pohledy na pavlu hejzlarovou, ze to ani neni mozny A MA RAD KONY KOZICKY","jakub hejzlar ma tak strasne nadrzeny pohledy na pavlu hejzlarovou, ze to ani neni mozny A MA RAD KONY KOZICKY","Werki Cz","https://yt3.ggpht.com/ytc/AKedOLQhvCMozVHODmQvK-Ai9hCVZLhqHbWgrmkqQ0ph=s48-c-k-c0x00ffffff-no-rj","http://www.youtube.com/channel/UCn-TuUjaO9po2UOjpUpkh_g","UCn-TuUjaO9po2UOjpUpkh_g","TRUE","none","0","2021-10-10T20:06:32Z","2021-10-10T20:06:32Z"
"4","UOxkGD8qRB4","PROSÍM VÍC &lt;3 KONÝ DO HUBY","PROSÍM VÍC <3 KONÝ DO HUBY","Werki Cz","https://yt3.ggpht.com/ytc/AKedOLQhvCMozVHODmQvK-Ai9hCVZLhqHbWgrmkqQ0ph=s48-c-k-c0x00ffffff-no-rj","http://www.youtube.com/channel/UCn-TuUjaO9po2UOjpUpkh_g","UCn-TuUjaO9po2UOjpUpkh_g","TRUE","none","2","2021-10-10T20:04:55Z","2021-10-10T20:04:55Z"
"5","UOxkGD8qRB4","why is ahri always sitting she was sitting in the other one and is in this one too","why is ahri always sitting she was sitting in the other one and is in this one too","Twible404","https://yt3.ggpht.com/nFj9vKNHFdJsjHj49Jmsccfi9cczGTss0D2LaYbACd4Z7UZdbL_jb5ra-OjtcGh4S1zZN1BR=s48-c-k-c0x00ffffff-no-rj","http://www.youtube.com/channel/UCcJACnpwaXtBf2L3u8gOdKQ","UCcJACnpwaXtBf2L3u8gOdKQ","TRUE","none","0","2021-10-10T19:57:09Z","2021-10-10T19:57:09Z"
"6","UOxkGD8qRB4","KDA &gt;&gt;&gt;&gt;&gt; aEspa","KDA >>>>> aEspa","<U+0001D624><U+0001D630><U+0001D630><U+0001D62C><U+0001D62A><U+0001D626> <U+2727>","https://yt3.ggpht.com/ytc/AKedOLS-CcdR5c5tIgboIMk1EXBlInCEYUwJHQ7Y3WqxOQ=s48-c-k-c0x00ffffff-no-rj","http://www.youtube.com/channel/UCdLLSwHdzuZ_HoFGgOv0RXQ","UCdLLSwHdzuZ_HoFGgOv0RXQ","TRUE","none","0","2021-10-10T19:01:01Z","2021-10-10T19:01:01Z"
"7","UOxkGD8qRB4","I keep coming back to this , it’s just legendary and so good","I keep coming back to this , it’s just legendary and so good","Blackpink is the revolution","https://yt3.ggpht.com/rRPO3PJgu4kZPNY2a8ZWSe_uMeZcniCI0qMWaGpZgEnZD8XKSQaoELEWYT0Y1OdKneOVCQIQ-SY=s48-c-k-c0x00ffffff-no-rj","http://www.youtube.com/channel/UCF-kh8W4clsRH-FA7TQpyVg","UCF-kh8W4clsRH-FA7TQpyVg","TRUE","none","0","2021-10-10T16:59:19Z","2021-10-10T16:59:19Z"
"8","UOxkGD8qRB4","Play <a href=""https://www.youtube.com/watch?v=UOxkGD8qRB4&amp;t=0m34s"">0:34</a>-<a href=""https://www.youtube.com/watch?v=UOxkGD8qRB4&amp;t=0m56s"">0:56</a> at 0.5 it sounds so beautiful and cool!","Play 0:34-0:56 at 0.5 it sounds so beautiful and cool!","SHEILA PRIME09","https://yt3.ggpht.com/yItXnCcaPR5lFqdxXxgS4BbpfikBmk8BtjPpYcrqEOpm1zSLKVwdElg-UkuFbkuC-kIfhjiQ-w=s48-c-k-c0x00ffffff-no-rj","http://www.youtube.com/channel/UC-tsb05XEq9wa1owUvmvV0Q","UC-tsb05XEq9wa1owUvmvV0Q","TRUE","none","1","2021-10-10T16:44:58Z","2021-10-10T16:44:58Z"
"9","UOxkGD8qRB4","I love this song","I love this song","Ayool","https://yt3.ggpht.com/K3IGmVRj8MRhttnKr_ArzpRnvZNC2lEcnHgPDW-Nhmg09iqmq-vimXtDKpJlh1O1-58YX2ihYw=s48-c-k-c0x00ffffff-no-rj","http://www.youtube.com/channel/UC_T9xksh3w-g82UZquq2MvQ","UC_T9xksh3w-g82UZquq2MvQ","TRUE","none","0","2021-10-10T15:06:14Z","2021-10-10T15:06:14Z"
"10","UOxkGD8qRB4","KDA vs aespa <U+0001F923><U+0001F923>","KDA vs aespa <U+0001F923><U+0001F923>","Zimzim Zimzalabim","https://yt3.ggpht.com/ytc/AKedOLSXqWslR3Ux8Uy2qIKZF9a-K37tDCU_bWs0zQ=s48-c-k-c0x00ffffff-no-rj","http://www.youtube.com/channel/UCxFA_VhIZ38KIi29gwX-hYw","UCxFA_VhIZ38KIi29gwX-hYw","TRUE","none","0","2021-10-10T14:39:57Z","2021-10-10T14:39:57Z"
"11","UOxkGD8qRB4","Wtf why did YouTube delete 3k comments?","Wtf why did YouTube delete 3k comments?","AddisonRaePickles","https://yt3.ggpht.com/ytc/AKedOLQXCjGxQAO_iBjlikFMaDYoO5U2IHBYrv6cGJ3D=s48-c-k-c0x00ffffff-no-rj","http://www.youtube.com/channel/UCXxD1VAJvGrTYBkRzeZP39w","UCXxD1VAJvGrTYBkRzeZP39w","TRUE","none","0","2021-10-10T14:06:10Z","2021-10-10T14:06:10Z"
"12","UOxkGD8qRB4","<U+3158>","<U+3158>","<U+CC10><U+AD6D>","https://yt3.ggpht.com/lBsmClDaygJBXsJYhUGVB1ejMfIwr2qKG2Ghu_XVGAAr-gmIyKheZ11lSpel9Y0swWabgfjDUw=s48-c-k-c0x00ffffff-no-rj","http://www.youtube.com/channel/UCuPpWZnxMEMIAj9MVmcqNiQ","UCuPpWZnxMEMIAj9MVmcqNiQ","TRUE","none","0","2021-10-10T13:48:55Z","2021-10-10T13:48:55Z"
"13","UOxkGD8qRB4","<U+C7A0><U+BABB><U+C774><U+B8E8><U+B294>~ <U+CCAD><U+C640><U+B300><U+C758> <U+BC24>~","<U+C7A0><U+BABB><U+C774><U+B8E8><U+B294>~ <U+CCAD><U+C640><U+B300><U+C758> <U+BC24>~","<U+C774><U+C0C1><U+BD09>","https://yt3.ggpht.com/ytc/AKedOLQCmMtYXOKiPVvzvwrAz1VdMIsStxfNzHeP3mUhFg=s48-c-k-c0x00ffffff-no-rj","http://www.youtube.com/channel/UCj1ON4RhKs8JI43ebsRYFJw","UCj1ON4RhKs8JI43ebsRYFJw","TRUE","none","2","2021-10-10T12:58:56Z","2021-10-10T12:58:56Z"
"14","UOxkGD8qRB4","<U+C88B><U+C740><U+C2DC><U+B3C4><U+B77C> <U+C0DD><U+AC01><U+D558><U+ACE0> <U+BA54><U+D0C0><U+BC84><U+C2A4> <U+C2DC><U+C7A5><U+C740> <U+C131><U+ACF5><U+D558><U+ACE0> <U+C77C><U+C0C1><U+C5D0><U+C11C> <U+C5C6><U+C5B4><U+C120> <U+C548><U+B420> <U+AE30><U+C220><U+C774> <U+B420><U+AC70><U+B77C><U+ACE0> <U+D655><U+C2E0><U+D55C><U+B2E4>.","<U+C88B><U+C740><U+C2DC><U+B3C4><U+B77C> <U+C0DD><U+AC01><U+D558><U+ACE0> <U+BA54><U+D0C0><U+BC84><U+C2A4> <U+C2DC><U+C7A5><U+C740> <U+C131><U+ACF5><U+D558><U+ACE0> <U+C77C><U+C0C1><U+C5D0><U+C11C> <U+C5C6><U+C5B4><U+C120> <U+C548><U+B420> <U+AE30><U+C220><U+C774> <U+B420><U+AC70><U+B77C><U+ACE0> <U+D655><U+C2E0><U+D55C><U+B2E4>.","<U+C18C><U+B098>","https://yt3.ggpht.com/ytc/AKedOLStM0iNHsoJ6M_-D_uVyqLV5BHHI7k2GZqY6w=s48-c-k-c0x00ffffff-no-rj","http://www.youtube.com/channel/UCWB0lptlH3tf14NgDJ5FESA","UCWB0lptlH3tf14NgDJ5FESA","TRUE","none","0","2021-10-10T10:30:09Z","2021-10-10T10:30:09Z"
"15","UOxkGD8qRB4","<U+C9C4><U+C9DC> <U+BBA4><U+BE44><U+B85C><U+BCF4><U+B098>.. <U+C74C><U+C545><U+C73C><U+B85C><U+BCF4><U+B098>.. more<U+BCF4><U+B2E8> pop sters <U+AC00> <U+B354> <U+C88B><U+B2E4>.. more <U+BBA4><U+BE44><U+B294> <U+BB50><U+B784><U+AE4C>..<U+ADF8><U+B0E5> <U+C774><U+AC70><U+B123><U+C73C><U+BA74> <U+C774><U+C058><U+ACA0><U+C9C0>? <U+D55C><U+AC83><U+B9CC> <U+B123><U+C5B4><U+B193><U+C740> <U+B290><U+B08C>..","<U+C9C4><U+C9DC> <U+BBA4><U+BE44><U+B85C><U+BCF4><U+B098>.. <U+C74C><U+C545><U+C73C><U+B85C><U+BCF4><U+B098>.. more<U+BCF4><U+B2E8> pop sters <U+AC00> <U+B354> <U+C88B><U+B2E4>.. more <U+BBA4><U+BE44><U+B294> <U+BB50><U+B784><U+AE4C>..<U+ADF8><U+B0E5> <U+C774><U+AC70><U+B123><U+C73C><U+BA74> <U+C774><U+C058><U+ACA0><U+C9C0>? <U+D55C><U+AC83><U+B9CC> <U+B123><U+C5B4><U+B193><U+C740> <U+B290><U+B08C>..","<U+B9C8><U+B974><U+B9C8>","https://yt3.ggpht.com/ytc/AKedOLSRLvSYM1GYakmw93IablZUSWpiZATMKtinUNyZ=s48-c-k-c0x00ffffff-no-rj","http://www.youtube.com/channel/UCQhFm76021vzq35n1M25zkg","UCQhFm76021vzq35n1M25zkg","TRUE","none","0","2021-10-10T09:41:34Z","2021-10-10T09:41:34Z"
"16","UOxkGD8qRB4","This song is bomb I&#39;m in love with this song and kda I mean I don&#39;t even like    bts and black pink like kda","This song is bomb I'm in love with this song and kda I mean I don't even like    bts and black pink like kda","Tenagne Gebrehiwot","https://yt3.ggpht.com/ytc/AKedOLSknym29rCGny5o7txswW3NVe9v7RuVkPawFQ=s48-c-k-c0x00ffffff-no-rj","http://www.youtube.com/channel/UCcIbpa2sqyDvWfpMcBqknIQ","UCcIbpa2sqyDvWfpMcBqknIQ","TRUE","none","0","2021-10-10T04:57:41Z","2021-10-10T04:57:41Z"
"17","UOxkGD8qRB4","This song is about laundry isn&#39;t it?","This song is about laundry isn't it?","koaLa","https://yt3.ggpht.com/D6-fPCadrAmFdY38hp_IvswbzNRC6aaFqwAqjnJUHvBjgSDSw42R_ydM-mhvCS_qXfxuYn9yog=s48-c-k-c0x00ffffff-no-rj","http://www.youtube.com/channel/UC-FhcKLFVW5wVXhanrY057g","UC-FhcKLFVW5wVXhanrY057g","TRUE","none","0","2021-10-10T04:21:29Z","2021-10-10T04:21:29Z"
"18","UOxkGD8qRB4","Kai&#39;sa:leads the chorus,sings the high notes,starts the song, literally has the most lines.<br><br><br>Y&quot;all: She doesn&#39;t even sing in the song, She&#39;s pretty useless.<br><br><br>Y&#39;all better put some respect from Kai&#39;sa","Kai'sa:leads the chorus,sings the high notes,starts the song, literally has the most lines.


Y""all: She doesn't even sing in the song, She's pretty useless.


Y'all better put some respect from Kai'sa","Botoy Almelor","https://yt3.ggpht.com/ytc/AKedOLQB8xZCL3wWC215rv9qEDBvrrG_DZeIFV7J2uCGUmX0lKQA9blKj5XXTzIypRB8=s48-c-k-c0x00ffffff-no-rj","http://www.youtube.com/channel/UCuuQDyLk04H5Nnt_7RH5JNQ","UCuuQDyLk04H5Nnt_7RH5JNQ","TRUE","none","0","2021-10-10T03:38:29Z","2021-10-10T03:38:29Z"
"19","UOxkGD8qRB4","Yeet","Yeet","Ultra Magnus prime<U+0001F499>","https://yt3.ggpht.com/00vC25v6AK9H4Fh26xb_KiYlWjNsCpVSUSPHBQy8JLNlmx3ekM0pYn5BgG2saomswS-oAqNx1w=s48-c-k-c0x00ffffff-no-rj","http://www.youtube.com/channel/UC8pYEgD5tM9fZkXTAzoMbNg","UC8pYEgD5tM9fZkXTAzoMbNg","TRUE","none","0","2021-10-10T02:43:43Z","2021-10-10T02:43:43Z"
"20","UOxkGD8qRB4","It’s crazy how the comments are still active after 3 years<U+2728><U+0001F629><U+2728>","It’s crazy how the comments are still active after 3 years<U+2728><U+0001F629><U+2728>","Screamskull25","https://yt3.ggpht.com/ytc/AKedOLQ6KdQREUNmoqSgIEOAUPvI6ja8Aq4wUyNRj01P=s48-c-k-c0x00ffffff-no-rj","http://www.youtube.com/channel/UCju_t3BId86-ZJ7bTyz8gNg","UCju_t3BId86-ZJ7bTyz8gNg","TRUE","none","1","2021-10-10T02:32:48Z","2021-10-10T02:32:48Z"
"21","UOxkGD8qRB4","Wow~~ It&#39;s amazing~~~~!!!!","Wow~~ It's amazing~~~~!!!!","<U+B9D0><U+B791><U+C774><U+C640> <U+D478><U+C26C><U+D31D> - Fidget Toys_Push pop","https://yt3.ggpht.com/se5BPqA9dvX2WjCfqQqstKHHCet-BR1wgm4c9iGUDl-Q2Czy-BijZuPmGkzmry3W3CIvXRUD=s48-c-k-c0x00ffffff-no-rj","http://www.youtube.com/channel/UCoLXjQUeQz3Ti5g65Y9pE6g","UCoLXjQUeQz3Ti5g65Y9pE6g","TRUE","none","1","2021-10-10T00:28:20Z","2021-10-10T00:28:20Z"
"22","UOxkGD8qRB4","dont care didnt ask<br>+ratio +cope +shit game +cbt","dont care didnt ask
+ratio +cope +shit game +cbt","sølø","https://yt3.ggpht.com/ytc/AKedOLR0iYLZ2UmhlPJZKpt-eKQ-z2oLiCzUoLnA3bswNw=s48-c-k-c0x00ffffff-no-rj","http://www.youtube.com/channel/UCoagk6Svdc30h4yXs8ZrMlA","UCoagk6Svdc30h4yXs8ZrMlA","TRUE","none","3","2021-10-09T22:06:23Z","2021-10-09T22:06:23Z"
"23","UOxkGD8qRB4","are they single or dating anyone?! I MUST KNOW","are they single or dating anyone?! I MUST KNOW","Tal rasha","https://yt3.ggpht.com/ytc/AKedOLRYK-vaomXDtev1wR-gKTyRnNoVOy9DpUwsPkiQ=s48-c-k-c0x00ffffff-no-rj","http://www.youtube.com/channel/UCnwGCZjNIm_Q-2ENSuimwSA","UCnwGCZjNIm_Q-2ENSuimwSA","TRUE","none","2","2021-10-09T17:03:26Z","2021-10-09T17:03:26Z"
"24","UOxkGD8qRB4","I have two moods<br>Metalcore, hardcore punk, death metal <br>KDA.<br>questions are welcome.","I have two moods
Metalcore, hardcore punk, death metal 
KDA.
questions are welcome.","Stavros Sideris","https://yt3.ggpht.com/ytc/AKedOLRq7e5sK_nQAtOlekToI2kCHlMHEDqq0Cb43itQTg=s48-c-k-c0x00ffffff-no-rj","http://www.youtube.com/channel/UCN1Eu33HrjC_2KXnciquh-w","UCN1Eu33HrjC_2KXnciquh-w","TRUE","none","1","2021-10-09T16:37:02Z","2021-10-09T16:37:02Z"
"25","UOxkGD8qRB4","pls do it &#39;valorant music&#39;","pls do it 'valorant music'","best x1","https://yt3.ggpht.com/ytc/AKedOLTLc4i516Sxwvc1SrHsKpySGA84J2an3qhaYf0gJw=s48-c-k-c0x00ffffff-no-rj","http://www.youtube.com/channel/UCArbDj5-DZU64vRh_UicmVA","UCArbDj5-DZU64vRh_UicmVA","TRUE","none","1","2021-10-09T15:09:06Z","2021-10-09T15:09:06Z"
"26","UOxkGD8qRB4","what","what","piña","https://yt3.ggpht.com/H_rFWETeOtLZbCkLnp0qCLzW07tju0rWDH_NVLBO5L9BIQ43Iz6AaM-5svQ6N0hcCapTGIIWcg=s48-c-k-c0x00ffffff-no-rj","http://www.youtube.com/channel/UCpmA6X208J2cHT4BIjI6_5Q","UCpmA6X208J2cHT4BIjI6_5Q","TRUE","none","0","2021-10-09T14:46:35Z","2021-10-09T14:46:35Z"
"27","UOxkGD8qRB4","<U+0E40><U+0E1E><U+0E25><U+0E07><U+0E1B><U+0E31><U+0E07><U+0E21><U+0E32><U+0E01><U+0E04><U+0E48><U+0E32><U+0E32><U+0E32><U+0E32><U+0E32>","<U+0E40><U+0E1E><U+0E25><U+0E07><U+0E1B><U+0E31><U+0E07><U+0E21><U+0E32><U+0E01><U+0E04><U+0E48><U+0E32><U+0E32><U+0E32><U+0E32><U+0E32>","PRINCE DIAMONDS","https://yt3.ggpht.com/BccFzey1NJXKU4MPGyk2Xan0jrOiMkQN_ozzoocsD3W9OVjRmoyxriPINwbP6KZZb52KY8_pqg=s48-c-k-c0x00ffffff-no-rj","http://www.youtube.com/channel/UCL4pWgDt1JX-vvDRNe1gflg","UCL4pWgDt1JX-vvDRNe1gflg","TRUE","none","2","2021-10-09T14:19:23Z","2021-10-09T14:19:23Z"
"28","UOxkGD8qRB4","I heard that in the game it&#39;s a team of 5? then y only 4 characters?","I heard that in the game it's a team of 5? then y only 4 characters?","Unnati Goel","https://yt3.ggpht.com/ytc/AKedOLRqLae_WTqLCPY7zFPf1nMJl4PfAHfGR7vwxbkFjg=s48-c-k-c0x00ffffff-no-rj","http://www.youtube.com/channel/UCt7RccdBCl52RDkTrJMeRIg","UCt7RccdBCl52RDkTrJMeRIg","TRUE","none","0","2021-10-09T13:59:15Z","2021-10-09T13:59:15Z"
"29","UOxkGD8qRB4","<U+C194><U+C9C1><U+D788>..k/da<U+C2A4><U+D0A8><U+C740> <U+BAA9><U+C18C><U+B9AC><U+B97C> <U+BC14><U+AFD4><U+C8FC><U+C9C0> <U+ADF8><U+B7FC> <U+B300><U+BC15><U+C77C><U+D150><U+B514>","<U+C194><U+C9C1><U+D788>..k/da<U+C2A4><U+D0A8><U+C740> <U+BAA9><U+C18C><U+B9AC><U+B97C> <U+BC14><U+AFD4><U+C8FC><U+C9C0> <U+ADF8><U+B7FC> <U+B300><U+BC15><U+C77C><U+D150><U+B514>","<U+C628><U+C7B4>","https://yt3.ggpht.com/ytc/AKedOLTwEwQwJhEmY7r9sCmblqvkqIWhRjyj_Z-61knI=s48-c-k-c0x00ffffff-no-rj","http://www.youtube.com/channel/UC7ozPIVfTpCP9YPMxaHqmuw","UC7ozPIVfTpCP9YPMxaHqmuw","TRUE","none","0","2021-10-09T13:08:36Z","2021-10-09T13:08:36Z"
"30","UOxkGD8qRB4","<a href=""https://www.youtube.com/watch?v=UOxkGD8qRB4&amp;t=0m56s"">0:56</a> all I can think is wow akali your a stand user?!?!!?","0:56 all I can think is wow akali your a stand user?!?!!?","Melon Head_UwU","https://yt3.ggpht.com/admMlekLysxQgzmIElXxsRJ9pPT4zHsDKUP0RscIR8VCiyLqqVJdrYjvFF_ND-7ZTBUPpMEr=s48-c-k-c0x00ffffff-no-rj","http://www.youtube.com/channel/UCu38OLRjCrRng2g_rw8idlA","UCu38OLRjCrRng2g_rw8idlA","TRUE","none","0","2021-10-09T12:46:28Z","2021-10-09T12:46:28Z"
"31","UOxkGD8qRB4","<a href=""https://www.youtube.com/watch?v=UOxkGD8qRB4&amp;t=0m22s"">0:22</a> here it looks like FORNITE","0:22 here it looks like FORNITE","KidFlashTEST Abdiel","https://yt3.ggpht.com/FrX4YbDuuuRXBkYOsiJ2Va76lNREwW2Xxoxi9eXqPhsjF52g9iF4gjPKDAXJnKpDK0Uy4EcC=s48-c-k-c0x00ffffff-no-rj","http://www.youtube.com/channel/UCyAuxjvVcuQaPNIhE0YKB1Q","UCyAuxjvVcuQaPNIhE0YKB1Q","TRUE","none","1","2021-10-09T12:35:09Z","2021-10-09T12:35:09Z"
"32","UOxkGD8qRB4","Raps seems a bit unnecessary otherwise this is a masterpiece","Raps seems a bit unnecessary otherwise this is a masterpiece","Noman Bughio","https://yt3.ggpht.com/ytc/AKedOLSw4Ck1yYwqrCQrpp5emlJj47kvW45X4XSaKybP=s48-c-k-c0x00ffffff-no-rj","http://www.youtube.com/channel/UChbxqqbIJcxUgZLLRrSaYhw","UChbxqqbIJcxUgZLLRrSaYhw","TRUE","none","0","2021-10-09T10:53:09Z","2021-10-09T10:53:09Z"
"33","UOxkGD8qRB4","k/da supremacy","k/da supremacy","hoyeonskies","https://yt3.ggpht.com/o5U6021oOva89-wYf5YuQcBA4KPh63VIVh33HD1P7MJ-mWrPM2aW6vDASp-4ONO2-JgUbY4cvA=s48-c-k-c0x00ffffff-no-rj","http://www.youtube.com/channel/UCUfjdoDcFkaIGjN7etgysiA","UCUfjdoDcFkaIGjN7etgysiA","TRUE","none","0","2021-10-09T08:50:58Z","2021-10-09T08:50:58Z"
"34","UOxkGD8qRB4","Who can find this song from girls planet 999?","Who can find this song from girls planet 999?","Kano <U+3002>","https://yt3.ggpht.com/ytc/AKedOLRbQ49R8j3S76CXEB0Dd1E703fQRdBCBuMArg=s48-c-k-c0x00ffffff-no-rj","http://www.youtube.com/channel/UC7UFSQ5HqTXYie7MrbcnRYw","UC7UFSQ5HqTXYie7MrbcnRYw","TRUE","none","1","2021-10-09T08:08:37Z","2021-10-09T08:08:37Z"
"35","UOxkGD8qRB4","Pup Stars~","Pup Stars~","Mr. Shroom","https://yt3.ggpht.com/ytc/AKedOLTsOIr3AMTGq9XA1Igz6aCx-QNxHtLzgkQ2F3xqYA=s48-c-k-c0x00ffffff-no-rj","http://www.youtube.com/channel/UCJ2jizvkWnXKx_Q4KecAtDw","UCJ2jizvkWnXKx_Q4KecAtDw","TRUE","none","0","2021-10-09T07:54:26Z","2021-10-09T07:54:26Z"
"36","UOxkGD8qRB4","9/10/2021","9/10/2021","Tr<U+1EA7>n B<U+1EA3>o Kha Official","https://yt3.ggpht.com/YGBlrHPewKhCKd3ZLb8kMLOj-EfwW_rwzeVd0dmQJ4I1CZJ7NMeDc3MFeeEy7gQwSO0RlWJ1og=s48-c-k-c0x00ffffff-no-rj","http://www.youtube.com/channel/UC0ctBnKwlw52h_Xq7Y2rM2w","UC0ctBnKwlw52h_Xq7Y2rM2w","TRUE","none","3","2021-10-09T02:29:03Z","2021-10-09T02:29:03Z"
"37","UOxkGD8qRB4","I remember dancing this at 3am","I remember dancing this at 3am","Crisostomo","https://yt3.ggpht.com/ytc/AKedOLTPhQ_K1KXC3ZU5UYjJv1JpU1YVoVFvWCxPYoRS2w=s48-c-k-c0x00ffffff-no-rj","http://www.youtube.com/channel/UCSLCxghKKNoDkW--Myh3fug","UCSLCxghKKNoDkW--Myh3fug","TRUE","none","0","2021-10-09T02:23:36Z","2021-10-09T02:23:36Z"
"38","UOxkGD8qRB4","no me canso de verlo y escucharlo dios por favor akali sientate en mi cara DEAAH re virgen era","no me canso de verlo y escucharlo dios por favor akali sientate en mi cara DEAAH re virgen era","Chango 123","https://yt3.ggpht.com/ytc/AKedOLR69FbvAQEBu_aG_3TTuQ4iLdrrf81Kz1HZ9CIi2g=s48-c-k-c0x00ffffff-no-rj","http://www.youtube.com/channel/UCwuUeV1DVuAzC2q56Uw2Iog","UCwuUeV1DVuAzC2q56Uw2Iog","TRUE","none","0","2021-10-09T01:49:47Z","2021-10-09T01:49:47Z"
"39","UOxkGD8qRB4","Alguien habla español aca???","Alguien habla español aca???","Hazel Gomez","https://yt3.ggpht.com/ytc/AKedOLRSL8E4GzZSpXhRj651REqpQk5LOlrJ7SN0M4AykysbuS1R6i2RfqRw8cj4dhSr=s48-c-k-c0x00ffffff-no-rj","http://www.youtube.com/channel/UCkhNmxR54y7s0Nbe6FMa-dA","UCkhNmxR54y7s0Nbe6FMa-dA","TRUE","none","1","2021-10-09T01:09:22Z","2021-10-09T01:09:22Z"
"40","UOxkGD8qRB4","I started playing league in 2018 bc of this video, biggest mistake of my life","I started playing league in 2018 bc of this video, biggest mistake of my life","hope","https://yt3.ggpht.com/ytc/AKedOLQQ8eYmpxDBocStprfXaxf8mPte4YKqkdY5AzBtZA=s48-c-k-c0x00ffffff-no-rj","http://www.youtube.com/channel/UCxs6hCiB1dBH2-goxBEXHRA","UCxs6hCiB1dBH2-goxBEXHRA","TRUE","none","1","2021-10-08T23:30:02Z","2021-10-08T23:30:02Z"
"41","UOxkGD8qRB4","music of legend, riot is a music company","music of legend, riot is a music company","Vancle","https://yt3.ggpht.com/ytc/AKedOLQ53U_tRMRCpj4P9Z1mJ7x0gZrfJfpW2rN6JUdn=s48-c-k-c0x00ffffff-no-rj","http://www.youtube.com/channel/UCfJgHbSAyp-2rwTScSgi8mw","UCfJgHbSAyp-2rwTScSgi8mw","TRUE","none","0","2021-10-08T22:56:55Z","2021-10-08T22:56:55Z"
"42","UOxkGD8qRB4","<U+2764><U+2764>","<U+2764><U+2764>","Maria Happy","https://yt3.ggpht.com/ytc/AKedOLR-5_no-L-DX9q1lDtAcuyD0m5HvxvOk7r8Iw=s48-c-k-c0x00ffffff-no-rj","http://www.youtube.com/channel/UCAY14pW4ilEFPr2H_tjDW2A","UCAY14pW4ilEFPr2H_tjDW2A","TRUE","none","0","2021-10-08T22:45:14Z","2021-10-08T22:45:14Z"
"43","UOxkGD8qRB4","<U+2764>","<U+2764>","ArchiMagoJulio","https://yt3.ggpht.com/Ngr1inHuAzamNTrgQJMFmZmHw-oBEKEa02uZ2ZuNJvmfc-St-wZadHFu60vkemPB5DI98A1Y=s48-c-k-c0x00ffffff-no-rj","http://www.youtube.com/channel/UCgXQAqxxbSAe8SFYLWSPI8w","UCgXQAqxxbSAe8SFYLWSPI8w","TRUE","none","0","2021-10-08T22:28:33Z","2021-10-08T22:28:33Z"
"44","UOxkGD8qRB4","this is so iconic","this is so iconic","mari!","https://yt3.ggpht.com/LD-WB2PUSEfD1Fo88mFWYtZR9GlsH4ggMNTWvvU80hV8u-nx1UiTlGM1tDm2z1Khp33sC4Jthw=s48-c-k-c0x00ffffff-no-rj","http://www.youtube.com/channel/UC0C_nc81rXncQUs7KJWiuiw","UC0C_nc81rXncQUs7KJWiuiw","TRUE","none","0","2021-10-08T21:27:01Z","2021-10-08T21:27:01Z"
"45","UOxkGD8qRB4","Ok underrated opinion : thie song is great but true damage was better","Ok underrated opinion : thie song is great but true damage was better","Abd Djamil","https://yt3.ggpht.com/ytc/AKedOLT3-x7Wa2Y1-KDcgALgna1z1ModICDcCnjY3Q=s48-c-k-c0x00ffffff-no-rj","http://www.youtube.com/channel/UCYQ4a8nS0_IEYV89Gtn2SIg","UCYQ4a8nS0_IEYV89Gtn2SIg","TRUE","none","0","2021-10-08T20:46:54Z","2021-10-08T20:46:54Z"
"46","UOxkGD8qRB4","I love how most the comments are about Ahri and...you know a Washing Machine.","I love how most the comments are about Ahri and...you know a Washing Machine.","Michelle's weird world","https://yt3.ggpht.com/iMfQgLgYwEfPAi8Q20JLr2BqAhngKhIKF1DQUv9NxfLq4zkXZyV2j4ikO8SVbuDa5vUd5ZNnkw=s48-c-k-c0x00ffffff-no-rj","http://www.youtube.com/channel/UCRMXD8t9FtuRRpMIYlqY9rA","UCRMXD8t9FtuRRpMIYlqY9rA","TRUE","none","1","2021-10-08T19:28:43Z","2021-10-08T19:28:43Z"
"47","UOxkGD8qRB4","Them animators need an award worth 15Billion Dolars","Them animators need an award worth 15Billion Dolars","<U+039C>pa<U+03C1>µpa Ste<U+03C1><U+03B3><U+03B9><U+03BF><U+03C2>","https://yt3.ggpht.com/d0wboaUDhUtBxlogiAM-7p4_sVmReF8aoVJpQGMU2wJIWrzkXbj0ap48OyJE5zVyxuUrs8CDqA=s48-c-k-c0x00ffffff-no-rj","http://www.youtube.com/channel/UC0WmrMO2t_5yGBmq0m8YVJw","UC0WmrMO2t_5yGBmq0m8YVJw","TRUE","none","1","2021-10-08T18:51:40Z","2021-10-08T18:51:40Z"
"48","UOxkGD8qRB4","<a href=""https://www.youtube.com/watch?v=UOxkGD8qRB4&amp;t=0m37s"">0:37</a><br>Owner of the building: <U+0001F610><U+0001F610><U+0001F610><U+0001F610><U+0001F610>","0:37
Owner of the building: <U+0001F610><U+0001F610><U+0001F610><U+0001F610><U+0001F610>","Gio Ross","https://yt3.ggpht.com/ytc/AKedOLRyX9UT2iEhPpbI6dW5zB53b8n-xJaG83CvEw=s48-c-k-c0x00ffffff-no-rj","http://www.youtube.com/channel/UCFM4-3VTSBJXkErajHb2EeA","UCFM4-3VTSBJXkErajHb2EeA","TRUE","none","1","2021-10-08T18:40:07Z","2021-10-08T18:40:07Z"
"49","UOxkGD8qRB4","<U+C694><U+C998><U+C740> <U+AC8C><U+C784> <U+BC38><U+B7F0><U+C2A4><U+B294> <U+B9DD><U+AC00><U+B728><U+B9AC><U+ACE0> <U+C788><U+B2E4>. <U+ADF8><U+B0E5> <U+C74C><U+C6D0><U+D68C><U+C0AC><U+B85C> <U+C804><U+D658><U+D558><U+C790>","<U+C694><U+C998><U+C740> <U+AC8C><U+C784> <U+BC38><U+B7F0><U+C2A4><U+B294> <U+B9DD><U+AC00><U+B728><U+B9AC><U+ACE0> <U+C788><U+B2E4>. <U+ADF8><U+B0E5> <U+C74C><U+C6D0><U+D68C><U+C0AC><U+B85C> <U+C804><U+D658><U+D558><U+C790>","<U+AE40><U+BBFC>","https://yt3.ggpht.com/ytc/AKedOLRipLte7ZXQRrbb7smWeL8fecJQCwIRmNMij2TtFg=s48-c-k-c0x00ffffff-no-rj","http://www.youtube.com/channel/UCUd4hFZ82fI1XLmOrC1IEhQ","UCUd4hFZ82fI1XLmOrC1IEhQ","TRUE","none","0","2021-10-08T16:23:05Z","2021-10-08T16:23:05Z"
"50","UOxkGD8qRB4","At the end<br>Evereybody : Dances<br>Akali<br>&quot;Aye bro look at these sticks I found...&quot;","At the end
Evereybody : Dances
Akali
""Aye bro look at these sticks I found...""","Rafael Durán","https://yt3.ggpht.com/ytc/AKedOLTJphqlG7lYDOhsSjDBcw5PnHvnaMtE1sek4Q=s48-c-k-c0x00ffffff-no-rj","http://www.youtube.com/channel/UCi1CInLkoJ6pm2-eu5GCzPw","UCi1CInLkoJ6pm2-eu5GCzPw","TRUE","none","1","2021-10-08T15:55:25Z","2021-10-08T15:55:25Z"
"51","UOxkGD8qRB4","This MV is NEW always.","This MV is NEW always.","<U+3089><U+3063><U+304D><U+3087><U+3055><U+3093>","https://yt3.ggpht.com/ytc/AKedOLQTnoDcvlrHQW7kf4jaBu8Y6GyVVPbA9FIx4pVXvg=s48-c-k-c0x00ffffff-no-rj","http://www.youtube.com/channel/UCDrpbM2OMZy65r-JG0nHstQ","UCDrpbM2OMZy65r-JG0nHstQ","TRUE","none","0","2021-10-08T14:28:00Z","2021-10-08T14:28:00Z"
"52","UOxkGD8qRB4","RIOT GAMAES PELO AMOR DE DEUS VOCE É LINDA","RIOT GAMAES PELO AMOR DE DEUS VOCE É LINDA","heyraibow","https://yt3.ggpht.com/ytc/AKedOLRZi3qArUcL7L4nP3LOBwAvlok2csU60G72MVHM=s48-c-k-c0x00ffffff-no-rj","http://www.youtube.com/channel/UCmTpGmhvx5tCJI0IWt0EqKA","UCmTpGmhvx5tCJI0IWt0EqKA","TRUE","none","0","2021-10-08T13:13:01Z","2021-10-08T13:13:01Z"
"53","UOxkGD8qRB4","LOL <U+0E44><U+0E21><U+0E48><U+0E43><U+0E0A><U+0E48><U+0E40><U+0E01><U+0E21><U+0E2A><U+0E4C> <U+0E41><U+0E15><U+0E48><U+0E40><U+0E1B><U+0E47><U+0E19><U+0E04><U+0E48><U+0E32><U+0E22><U+0E40><U+0E1E><U+0E25><U+0E07><U+0001F923><U+0001F923>","LOL <U+0E44><U+0E21><U+0E48><U+0E43><U+0E0A><U+0E48><U+0E40><U+0E01><U+0E21><U+0E2A><U+0E4C> <U+0E41><U+0E15><U+0E48><U+0E40><U+0E1B><U+0E47><U+0E19><U+0E04><U+0E48><U+0E32><U+0E22><U+0E40><U+0E1E><U+0E25><U+0E07><U+0001F923><U+0001F923>","PJ Gamer TH","https://yt3.ggpht.com/ytc/AKedOLSvAq9hNZvkziYKgoCOWO6O7hpmbhBUIkFt_Dqe1w=s48-c-k-c0x00ffffff-no-rj","http://www.youtube.com/channel/UCLRPbdVGAp1X1FZOUMhbUhA","UCLRPbdVGAp1X1FZOUMhbUhA","TRUE","none","1","2021-10-08T12:22:59Z","2021-10-08T12:22:59Z"
"54","UOxkGD8qRB4","<a href=""https://www.youtube.com/watch?v=UOxkGD8qRB4&amp;t=1m17s"">1:17</a>","1:17","P&C<U+7269><U+8A9E>","https://yt3.ggpht.com/ytc/AKedOLRjnYz6vLJ86BNnl_xecg1EOmNNf6SIoLj-GRcnvC4=s48-c-k-c0x00ffffff-no-rj","http://www.youtube.com/channel/UCYabbmjgUmVRObeY4nf9z9g","UCYabbmjgUmVRObeY4nf9z9g","TRUE","none","0","2021-10-08T11:54:32Z","2021-10-08T11:54:32Z"
"55","UOxkGD8qRB4","Ahh gosh your songs are much better than official music industries..... Keep making more songs they all are Awesome!!!!!","Ahh gosh your songs are much better than official music industries..... Keep making more songs they all are Awesome!!!!!","<U+D55C><U+AD6D><U+C778> Cat","https://yt3.ggpht.com/XJh5-VUzC7ipv5K8dEboEkg5VLDmvEg0dofWKOSfwjPBo3cXhiGqNvs8CIo-U-f0JMnVcSidchk=s48-c-k-c0x00ffffff-no-rj","http://www.youtube.com/channel/UCsWutaH0kKLc0NYYiRmCbmA","UCsWutaH0kKLc0NYYiRmCbmA","TRUE","none","0","2021-10-08T11:15:56Z","2021-10-08T11:15:56Z"
"56","UOxkGD8qRB4","<U+C544> <U+C9C4><U+C2EC> <U+C804><U+C18C><U+C5F0> <U+D504><U+B4C0> 1<U+D654><U+BD80><U+D130> <U+C88B><U+C544><U+D55C> <U+B0B4><U+AC00> <U+C2B9><U+C790><U+B2E4>...","<U+C544> <U+C9C4><U+C2EC> <U+C804><U+C18C><U+C5F0> <U+D504><U+B4C0> 1<U+D654><U+BD80><U+D130> <U+C88B><U+C544><U+D55C> <U+B0B4><U+AC00> <U+C2B9><U+C790><U+B2E4>...","<U+C218><U+BD95><U+C774>","https://yt3.ggpht.com/ytc/AKedOLRy0VbcxsIQRzB7YA63xzWa4AnLg4lczDJUKi7u=s48-c-k-c0x00ffffff-no-rj","http://www.youtube.com/channel/UCn4u6aiqrgZBzCZs92iIVXw","UCn4u6aiqrgZBzCZs92iIVXw","TRUE","none","0","2021-10-08T06:59:30Z","2021-10-08T06:59:30Z"
"57","UOxkGD8qRB4","My proud Soyeon....<U+2661><U+2661><U+2661><U+2661><U+2661>","My proud Soyeon....<U+2661><U+2661><U+2661><U+2661><U+2661>","<U+C218><U+BD95><U+C774>","https://yt3.ggpht.com/ytc/AKedOLRy0VbcxsIQRzB7YA63xzWa4AnLg4lczDJUKi7u=s48-c-k-c0x00ffffff-no-rj","http://www.youtube.com/channel/UCn4u6aiqrgZBzCZs92iIVXw","UCn4u6aiqrgZBzCZs92iIVXw","TRUE","none","0","2021-10-08T06:58:48Z","2021-10-08T06:58:48Z"
"58","UOxkGD8qRB4","Not usually a fan of K-pop style music but the song sounds like something out of tryhard mix ngl. cool :P","Not usually a fan of K-pop style music but the song sounds like something out of tryhard mix ngl. cool :P","Chilled_Frenzy","https://yt3.ggpht.com/yXOqw9RV4Pa9K70dgmsPLaTOs8n_HTWYtCNwAlzvivVXTYRNy4O-bXLDsxm9762uJ0oh46V5_Q=s48-c-k-c0x00ffffff-no-rj","http://www.youtube.com/channel/UCTpu5Y3_rzntQrxRu0gTvBQ","UCTpu5Y3_rzntQrxRu0gTvBQ","TRUE","none","0","2021-10-08T00:43:42Z","2021-10-08T00:43:42Z"
"59","UOxkGD8qRB4","i liked the akali everlynn duo i listened to it like 9999999 times on repeat lol","i liked the akali everlynn duo i listened to it like 9999999 times on repeat lol","ReLx DaNo","https://yt3.ggpht.com/ytc/AKedOLS-cWqQjW42PwXRze15BI7HwoyxznqNuplBxaCGcA=s48-c-k-c0x00ffffff-no-rj","http://www.youtube.com/channel/UCRG19AfgdiwG51f23zRPBTg","UCRG19AfgdiwG51f23zRPBTg","TRUE","none","1","2021-10-07T22:12:56Z","2021-10-07T22:12:56Z"
"60","UOxkGD8qRB4","i seriously thought that there was a kda all out vayne in the car but i was just dum<br>it would have been nice to have a vayne tho","i seriously thought that there was a kda all out vayne in the car but i was just dum
it would have been nice to have a vayne tho","ReLx DaNo","https://yt3.ggpht.com/ytc/AKedOLS-cWqQjW42PwXRze15BI7HwoyxznqNuplBxaCGcA=s48-c-k-c0x00ffffff-no-rj","http://www.youtube.com/channel/UCRG19AfgdiwG51f23zRPBTg","UCRG19AfgdiwG51f23zRPBTg","TRUE","none","1","2021-10-07T22:10:42Z","2021-10-07T22:10:42Z"
"61","UOxkGD8qRB4","Soyeon is my bias of (G)-(IDLE) <U+2764><U+FE0F><U+0001F63B>","Soyeon is my bias of (G)-(IDLE) <U+2764><U+FE0F><U+0001F63B>","Santiago","https://yt3.ggpht.com/t4JHo8sm_c7N8YYJUnc8yiImCMYuXnnlWFkOxvyHXEP8LFDfxn07DMBHh8PceEyS7IfiQ0YpyIc=s48-c-k-c0x00ffffff-no-rj","http://www.youtube.com/channel/UCwW2RW3SBxR3KWdCN_yKTZw","UCwW2RW3SBxR3KWdCN_yKTZw","TRUE","none","1","2021-10-07T21:16:50Z","2021-10-07T21:17:18Z"
"62","UOxkGD8qRB4","soyeon mi flaca.","soyeon mi flaca.","Facuu Campos","https://yt3.ggpht.com/ytc/AKedOLTuaiAPxFZUUTUV1-q_fyVCnlIHF4ns8Bz9mLEl-gk=s48-c-k-c0x00ffffff-no-rj","http://www.youtube.com/channel/UCUoS70UNOpflGnfo8aweIrg","UCUoS70UNOpflGnfo8aweIrg","TRUE","none","2","2021-10-07T20:47:16Z","2021-10-07T20:47:16Z"
"63","UOxkGD8qRB4","pov: mobile trash legends is copying this theme and didnt blew out xD","pov: mobile trash legends is copying this theme and didnt blew out xD","Edniel Aldous Eng","https://yt3.ggpht.com/ytc/AKedOLQ9UamupPL9LKwu-P6R31tLsudnXm17_3oaQw=s48-c-k-c0x00ffffff-no-rj","http://www.youtube.com/channel/UCqaG0D9sxYgDcVJ-muwnRTg","UCqaG0D9sxYgDcVJ-muwnRTg","TRUE","none","0","2021-10-07T20:07:06Z","2021-10-07T20:07:06Z"
"64","UOxkGD8qRB4","In very happy that this song is in Just Dance 2022 <U+0001F604>","In very happy that this song is in Just Dance 2022 <U+0001F604>","Federico Casara","https://yt3.ggpht.com/ytc/AKedOLQBC6xZFWRM2GWFBlt1zBEJ2vDdvq7LjgLBfQ=s48-c-k-c0x00ffffff-no-rj","http://www.youtube.com/channel/UC2RnlaX_OUIbs8tEilGTsrw","UC2RnlaX_OUIbs8tEilGTsrw","TRUE","none","0","2021-10-07T19:21:14Z","2021-10-07T19:21:14Z"
"65","UOxkGD8qRB4","This song is so addictive. It really is a masterpiece <U+0001F525><U+0001F525>","This song is so addictive. It really is a masterpiece <U+0001F525><U+0001F525>","Asseta","https://yt3.ggpht.com/ytc/AKedOLS2mWCklfg4rZwHeLIMY690Ez296qwlr1bKR9pF=s48-c-k-c0x00ffffff-no-rj","http://www.youtube.com/channel/UCTcFuL1ZqYduiE14yXYYK-A","UCTcFuL1ZqYduiE14yXYYK-A","TRUE","none","5","2021-10-07T13:56:48Z","2021-10-07T13:56:48Z"
"66","UOxkGD8qRB4","<U+B178><U+B798> <U+C970><U+B0B4> <U+C88B><U+B124> <U+C9C4><U+C9DC>","<U+B178><U+B798> <U+C970><U+B0B4> <U+C88B><U+B124> <U+C9C4><U+C9DC>","<U+C900>2","https://yt3.ggpht.com/ytc/AKedOLTNPYSO03IcieuwSCEUwxcrXvJPd8f5wKe7W0Ok=s48-c-k-c0x00ffffff-no-rj","http://www.youtube.com/channel/UCwAuLaWABIbjXx02xLfk0QQ","UCwAuLaWABIbjXx02xLfk0QQ","TRUE","none","0","2021-10-07T13:49:33Z","2021-10-07T13:49:33Z"
"67","UOxkGD8qRB4","OMG best musical","OMG best musical","fabcio","https://yt3.ggpht.com/ytc/AKedOLS_2KuJA3xOGo0tgo4kKZeOCKarnbcaZSJv2Q=s48-c-k-c0x00ffffff-no-rj","http://www.youtube.com/channel/UCvaIgc-Lj8_za5wgQSaHDCQ","UCvaIgc-Lj8_za5wgQSaHDCQ","TRUE","none","1","2021-10-07T11:17:55Z","2021-10-07T11:17:55Z"
"68","UOxkGD8qRB4","Being reincarnated in a Manga-Anime-Video-Games realm based on our possibility to Imagine is a belief.","Being reincarnated in a Manga-Anime-Video-Games realm based on our possibility to Imagine is a belief.","kukuku","https://yt3.ggpht.com/ytc/AKedOLSoZYY7sdYAXFIlqhKJfpJJrDPNx97CivQRGg7B_g=s48-c-k-c0x00ffffff-no-rj","http://www.youtube.com/channel/UC7dofkd9-FWnyqPWp5Tyjtw","UC7dofkd9-FWnyqPWp5Tyjtw","TRUE","none","1","2021-10-07T11:12:32Z","2021-10-07T11:12:32Z"
"69","UOxkGD8qRB4","<U+D55C><U+AD6D><U+C5B4> <U+C790><U+B9C9> <U+C5C6><U+B294><U+AC70> <U+D0B9><U+BC1B><U+B124>","<U+D55C><U+AD6D><U+C5B4> <U+C790><U+B9C9> <U+C5C6><U+B294><U+AC70> <U+D0B9><U+BC1B><U+B124>","<U+CC29><U+D55C><U+C0AC><U+B78C>","https://yt3.ggpht.com/ytc/AKedOLRCB5iFBijWtmLmgWIpB9t7hJRJG5CFtCf2LQ=s48-c-k-c0x00ffffff-no-rj","http://www.youtube.com/channel/UChl3MkaXPuKu4rUzvsADpRw","UChl3MkaXPuKu4rUzvsADpRw","TRUE","none","1","2021-10-07T09:51:13Z","2021-10-07T09:51:13Z"
"70","UOxkGD8qRB4","The lol marketing team is just genious","The lol marketing team is just genious","The Vrus","https://yt3.ggpht.com/ytc/AKedOLTnkJ1Y5a-Oe104vJ7LGouUhO9lf6ACiELWFIFg=s48-c-k-c0x00ffffff-no-rj","http://www.youtube.com/channel/UCQ1ts3aw6YjzAaOsFNvX-mQ","UCQ1ts3aw6YjzAaOsFNvX-mQ","TRUE","none","3","2021-10-07T09:01:11Z","2021-10-07T09:01:11Z"
"71","UOxkGD8qRB4","we are waiting for the comeback KYAAACK. still getting goosebumps whenever i listen to their songs. love it","we are waiting for the comeback KYAAACK. still getting goosebumps whenever i listen to their songs. love it","Minka Chii","https://yt3.ggpht.com/KQh9POB6W03L6Z_RKMRaV7zXt1sgxV1W3Atp0-Q3r15OUqnl9gtZ5buCyBVKYU2OqdlTCBCYyz4=s48-c-k-c0x00ffffff-no-rj","http://www.youtube.com/channel/UCBwEcuoaEX1JORsG80r-z-Q","UCBwEcuoaEX1JORsG80r-z-Q","TRUE","none","14","2021-10-07T07:44:00Z","2021-10-07T07:44:00Z"
"72","UOxkGD8qRB4","i dont play league but can appreciate the music and visuals in this video, in the games i play, i prefer to see the characters.....close up","i dont play league but can appreciate the music and visuals in this video, in the games i play, i prefer to see the characters.....close up","Crimson Karma","https://yt3.ggpht.com/ytc/AKedOLTh3NqaosyJP8268j8ACOCR7A8EwPJk2WE2MpC45A=s48-c-k-c0x00ffffff-no-rj","http://www.youtube.com/channel/UCQ3VkAnitTGg6yqi8Fo_IOw","UCQ3VkAnitTGg6yqi8Fo_IOw","TRUE","none","8","2021-10-07T03:14:23Z","2021-10-07T03:14:23Z"
"73","UOxkGD8qRB4","Aye, 3 years later and I only just noticed while aka little is rapping it flashes to Evelynn who’s absolutely destroyed the inside of that train.<br><br>Man that’s a lawsuit in waiting missy.","Aye, 3 years later and I only just noticed while aka little is rapping it flashes to Evelynn who’s absolutely destroyed the inside of that train.

Man that’s a lawsuit in waiting missy.","Moosedraw","https://yt3.ggpht.com/ytc/AKedOLQUmAmKezn2JDJe8CJ6sbBE8VrBnv2lrNDmyNfZ=s48-c-k-c0x00ffffff-no-rj","http://www.youtube.com/channel/UC82JFal-v_qrnqKU1jAqTnw","UC82JFal-v_qrnqKU1jAqTnw","TRUE","none","0","2021-10-06T22:07:13Z","2021-10-06T22:07:13Z"
"74","UOxkGD8qRB4","Kda","Kda","ENZ","https://yt3.ggpht.com/bJ6eX17l3QRdr2QARXgK2AClmwp9GIqLsCvIr2I_OkbC6Mq7gMvBYQg4BRi6leoQTEEAEZYq=s48-c-k-c0x00ffffff-no-rj","http://www.youtube.com/channel/UC9w3_RPVi55slp6A6U6cEzQ","UC9w3_RPVi55slp6A6U6cEzQ","TRUE","none","1","2021-10-06T21:38:06Z","2021-10-06T21:38:06Z"
"75","UOxkGD8qRB4","She sits on a washing machine... Yeah I know what she&#39;s doing. lol","She sits on a washing machine... Yeah I know what she's doing. lol","Thomas Laurita","https://yt3.ggpht.com/ytc/AKedOLSKKB8znR0YSpuOurkH6Fnceh7gA8fhiKNbBsN93bf-qt9LwgpP3nEyl_1E_PoU=s48-c-k-c0x00ffffff-no-rj","http://www.youtube.com/channel/UCIhYTgcjRXTXuqfgm9sksbw","UCIhYTgcjRXTXuqfgm9sksbw","TRUE","none","0","2021-10-06T18:50:22Z","2021-10-06T18:50:22Z"
"76","UOxkGD8qRB4","league should start selling physical albums for k/da like kpop albums, with inclusions like photocards, posters etc.","league should start selling physical albums for k/da like kpop albums, with inclusions like photocards, posters etc.","MOMMY SARANGHAE","https://yt3.ggpht.com/ytc/AKedOLRdrVVfwVVpb91ZquXwYogQgxyHCKTWX4Zs04BsUg=s48-c-k-c0x00ffffff-no-rj","http://www.youtube.com/channel/UCattF4PsCqULZg5Vwc-KKaA","UCattF4PsCqULZg5Vwc-KKaA","TRUE","none","12","2021-10-06T18:18:59Z","2021-10-06T18:18:59Z"
"77","UOxkGD8qRB4","Omfg legends","Omfg legends","Rosé is my Angel","https://yt3.ggpht.com/DZv_tclWNDgEGKxWtxMQQHFXmUu5mxZZdCXOdT6fGbBpYCups4Vl9jIqN25ZlIDK17iW1L0TJtg=s48-c-k-c0x00ffffff-no-rj","http://www.youtube.com/channel/UCdXSC6ZUeopXgmoye2BiZkw","UCdXSC6ZUeopXgmoye2BiZkw","TRUE","none","0","2021-10-06T15:26:56Z","2021-10-06T15:26:56Z"
"78","UOxkGD8qRB4","My new Idols <U+0001F60D><U+0001F60D><U+0001F60D><U+0001F60E><U+0001F970><U+0001F497><U+0001F525>","My new Idols <U+0001F60D><U+0001F60D><U+0001F60D><U+0001F60E><U+0001F970><U+0001F497><U+0001F525>","Alys","https://yt3.ggpht.com/ytc/AKedOLSY7CtJeOPy6L6xQqqRWmBS2QJFNX-chffLsENs=s48-c-k-c0x00ffffff-no-rj","http://www.youtube.com/channel/UCrOAtPR_chlqFcATk3zFKSw","UCrOAtPR_chlqFcATk3zFKSw","TRUE","none","0","2021-10-06T11:04:25Z","2021-10-06T11:04:25Z"
"79","UOxkGD8qRB4","lâu r chua nghe l<U+1EA1>i. hay ghê","lâu r chua nghe l<U+1EA1>i. hay ghê","Tr<U+1EA7>n Van B<U+1EA3>o Khánh","https://yt3.ggpht.com/ytc/AKedOLRN5kGXt8rVRayMdAkIHuq8QzcTjEvinIn2zyudNyJQl6AIUpNYnV5RisnHa04s=s48-c-k-c0x00ffffff-no-rj","http://www.youtube.com/channel/UC6CFGlKQcrdbnOJUOrA9EZw","UC6CFGlKQcrdbnOJUOrA9EZw","TRUE","none","0","2021-10-06T10:49:06Z","2021-10-06T10:49:06Z"
"80","UOxkGD8qRB4","I didnt even realize i liked this song when it literely came out.","I didnt even realize i liked this song when it literely came out.","i do stuf random","https://yt3.ggpht.com/ytc/AKedOLSbgMnoEYmVKDRclDZlfnw3FXIFQ5NCxpzvZF0op4BW_qUYSPwIK8wQkqPRwmcV=s48-c-k-c0x00ffffff-no-rj","http://www.youtube.com/channel/UCcakADGunjBFZ24_DCh2vQA","UCcakADGunjBFZ24_DCh2vQA","TRUE","none","3","2021-10-06T10:29:58Z","2021-10-06T10:29:58Z"
"81","UOxkGD8qRB4","Elas são demais eu gosto da que tem orelha de gato","Elas são demais eu gosto da que tem orelha de gato","Wellen Lima","https://yt3.ggpht.com/ytc/AKedOLTElJkWGPqH0f_Me9PRaY0CEu677rAzM159bg=s48-c-k-c0x00ffffff-no-rj","http://www.youtube.com/channel/UCX897Jj_gmxViCTw_L3r18w","UCX897Jj_gmxViCTw_L3r18w","TRUE","none","1","2021-10-06T10:21:53Z","2021-10-06T10:21:53Z"
"82","UOxkGD8qRB4","xem aespa xong ph<U+1EA3>i vào dây d<U+1EC3> r<U+1EED>a m<U+1EAF>t <U+0001F605><U+0001F605>","xem aespa xong ph<U+1EA3>i vào dây d<U+1EC3> r<U+1EED>a m<U+1EAF>t <U+0001F605><U+0001F605>","M<U+1EA1>nh Nguy<U+1EC5>n","https://yt3.ggpht.com/ytc/AKedOLRIdpoMj0RPwXvd6T9rystO6ZSKRDeSq0Av1Q=s48-c-k-c0x00ffffff-no-rj","http://www.youtube.com/channel/UCG7FWOTZAqX6MSTzJtEnffA","UCG7FWOTZAqX6MSTzJtEnffA","TRUE","none","1","2021-10-06T10:02:50Z","2021-10-06T10:02:50Z"
"83","UOxkGD8qRB4","I very enjoy this song","I very enjoy this song","Mr.Enkeii","https://yt3.ggpht.com/h3C84LsQY7MmhNJDLfzu_8Zy7mithn_ED6jhsHh0QA9CdnGXc4zSlGoM4t_DJ-nE1kh_9FxC4A=s48-c-k-c0x00ffffff-no-rj","http://www.youtube.com/channel/UChh6NgQ3VXQA4pm8eMaTulA","UChh6NgQ3VXQA4pm8eMaTulA","TRUE","none","1","2021-10-06T07:46:34Z","2021-10-06T07:46:34Z"
"84","UOxkGD8qRB4","jeez they have scary fingers <a href=""https://www.youtube.com/watch?v=UOxkGD8qRB4&amp;t=1m01s"">1:01</a>","jeez they have scary fingers 1:01","vamsi nallam","https://yt3.ggpht.com/ytc/AKedOLTz4UBx-sx_Yuh0aPvWT-QQrnAJHK7TytWpD4qo=s48-c-k-c0x00ffffff-no-rj","http://www.youtube.com/channel/UCtIUwVj-gy5cY3ocdtbU6jw","UCtIUwVj-gy5cY3ocdtbU6jw","TRUE","none","0","2021-10-06T07:11:12Z","2021-10-06T07:11:12Z"
"85","UOxkGD8qRB4","I love this! SO. MUCH.","I love this! SO. MUCH.","J Valencia","https://yt3.ggpht.com/ytc/AKedOLTdmXEFN6ltFtggOSC5PZqVhjsV9BlmG3dY5Gg72g=s48-c-k-c0x00ffffff-no-rj","http://www.youtube.com/channel/UC86mpl8s_eyNmu7KuIeWY8Q","UC86mpl8s_eyNmu7KuIeWY8Q","TRUE","none","0","2021-10-06T02:54:43Z","2021-10-06T02:54:43Z"
"86","UOxkGD8qRB4","<U+ADF8><U+B798>, <U+C774><U+AC8C> <U+C81C><U+B300><U+B85C><U+B41C> k/da<U+C9C0>","<U+ADF8><U+B798>, <U+C774><U+AC8C> <U+C81C><U+B300><U+B85C><U+B41C> k/da<U+C9C0>","<U+D638><U+B791><U+D574>","https://yt3.ggpht.com/ytc/AKedOLTuG-PUUDEXGOkAqz5HsbBlbC5gpYtoiwyKv-bxtQ=s48-c-k-c0x00ffffff-no-rj","http://www.youtube.com/channel/UCkmcni-BaH8x5JTEAaVBtpQ","UCkmcni-BaH8x5JTEAaVBtpQ","TRUE","none","0","2021-10-06T01:27:33Z","2021-10-06T01:27:33Z"
"87","UOxkGD8qRB4","wow did you know the music company who created this video made a video game","wow did you know the music company who created this video made a video game","Awful Melodies","https://yt3.ggpht.com/Fd93v9gxbCbsRBrfXFyzng4a0fGJRRomNE_wifEM-QV8odRa8_q_vcJJPrSUWUG_wYJPycLjEUE=s48-c-k-c0x00ffffff-no-rj","http://www.youtube.com/channel/UCgSLOo3ec8u2b0dOGWV7wBA","UCgSLOo3ec8u2b0dOGWV7wBA","TRUE","none","0","2021-10-05T23:09:54Z","2021-10-05T23:09:54Z"
"88","UOxkGD8qRB4","de lolera a neverland, yes","de lolera a neverland, yes","Layla","https://yt3.ggpht.com/Ayo9KwTXT7e5pURnyMXcDgUCqJZK22AN43sxur6VR5jNnO1pUkgxLhNouqA3ZW1LncORmnM9dQ=s48-c-k-c0x00ffffff-no-rj","http://www.youtube.com/channel/UCJO8DneKkrwPblKQjpHO_JQ","UCJO8DneKkrwPblKQjpHO_JQ","TRUE","none","0","2021-10-05T22:43:11Z","2021-10-05T22:43:11Z"
"89","UOxkGD8qRB4","Isn&#39;t the same without Ricardo Miles in this","Isn't the same without Ricardo Miles in this","<U+0190><U+000132CF>3 creepy moth","https://yt3.ggpht.com/ytc/AKedOLRhkjqlHVqXqHsff0unuxCAf7nZvPvjepmBv-MWpA=s48-c-k-c0x00ffffff-no-rj","http://www.youtube.com/channel/UCDMDcgZUvXM4WFPiiBDR9Dw","UCDMDcgZUvXM4WFPiiBDR9Dw","TRUE","none","1","2021-10-05T21:43:15Z","2021-10-05T21:43:15Z"
"90","UOxkGD8qRB4","maybe someone else already coment on this but n the bus, minute<a href=""https://www.youtube.com/watch?v=UOxkGD8qRB4&amp;t=1m33s"">1:33</a>, you can see Jinx&#39;s clouds tattoos, right?","maybe someone else already coment on this but n the bus, minute1:33, you can see Jinx's clouds tattoos, right?","QNV","https://yt3.ggpht.com/ytc/AKedOLTMrzGfdUFrRPgV1yYqT6s1F3VFupiYusLVvA=s48-c-k-c0x00ffffff-no-rj","http://www.youtube.com/channel/UC0SWl6tqMlk0uHGGceln-Rg","UC0SWl6tqMlk0uHGGceln-Rg","TRUE","none","1","2021-10-05T13:43:10Z","2021-10-05T13:43:10Z"
"91","UOxkGD8qRB4","Hay quá","Hay quá","Ank Tài","https://yt3.ggpht.com/ytc/AKedOLQM3nMaZO0aZ7IPyk_o-ij2zBo2wF2e2m2fl1MtFQ=s48-c-k-c0x00ffffff-no-rj","http://www.youtube.com/channel/UCGGf5-GhqYQ3BE1pq8wW9IQ","UCGGf5-GhqYQ3BE1pq8wW9IQ","TRUE","none","0","2021-10-05T13:02:25Z","2021-10-05T13:02:25Z"
"92","UOxkGD8qRB4","hey hey not bad","hey hey not bad","Utsukushii GOTENWAN","https://yt3.ggpht.com/ytc/AKedOLRogBfZZBSm7CQyH4dY1SflW-kAoYkpvzbQAUV8=s48-c-k-c0x00ffffff-no-rj","http://www.youtube.com/channel/UC-5J0HnjX9z87RtBWGpElYQ","UC-5J0HnjX9z87RtBWGpElYQ","TRUE","none","0","2021-10-05T12:29:37Z","2021-10-05T12:29:37Z"
"93","UOxkGD8qRB4","<U+C5D0><U+C2A4><U+D30C> <U+C2E0><U+ACE1><U+B4E3><U+ACE0> <U+D1A0><U+B098><U+C640><U+C11C> <U+C6D0><U+C870><U+B4E4><U+C73C><U+B7EC><U+C634>","<U+C5D0><U+C2A4><U+D30C> <U+C2E0><U+ACE1><U+B4E3><U+ACE0> <U+D1A0><U+B098><U+C640><U+C11C> <U+C6D0><U+C870><U+B4E4><U+C73C><U+B7EC><U+C634>","Ox Xxc","https://yt3.ggpht.com/ytc/AKedOLSWWVrQCBRwSzIhhsrvpVXEQnWjEanq3nP_3T-_jQ=s48-c-k-c0x00ffffff-no-rj","http://www.youtube.com/channel/UCzdevAxsfHT1NkzHYv3Mm0w","UCzdevAxsfHT1NkzHYv3Mm0w","TRUE","none","6","2021-10-05T11:54:21Z","2021-10-05T11:54:21Z"
"94","UOxkGD8qRB4","It&#39;s better with Megalovania, change my mind.","It's better with Megalovania, change my mind.","BobotOMG","https://yt3.ggpht.com/ytc/AKedOLTwSuFNIZ2fdkjyrddeQ18mnEkT7nbZBfImpIn3nw=s48-c-k-c0x00ffffff-no-rj","http://www.youtube.com/channel/UCWiIzRxEe5OyBRcOrPfsDQg","UCWiIzRxEe5OyBRcOrPfsDQg","TRUE","none","0","2021-10-05T11:28:17Z","2021-10-05T11:28:17Z"
"95","UOxkGD8qRB4","2021!!!","2021!!!","Tu<U+1EA5>n Xám","https://yt3.ggpht.com/ytc/AKedOLS75kjSzkCjvteyPj2KfeHrxsJXxtSKy1tSxeF3=s48-c-k-c0x00ffffff-no-rj","http://www.youtube.com/channel/UCfFVeVnlTgJRKwOv37YCPJA","UCfFVeVnlTgJRKwOv37YCPJA","TRUE","none","1","2021-10-05T10:41:42Z","2021-10-05T10:41:42Z"
"96","UOxkGD8qRB4","<U+0E40><U+0E1E><U+0E25><U+0E07><U+0E42><U+0E04><U+0E15><U+0E23><U+0E21><U+0E31><U+0E19><U+0E19><U+0E19><U+0E19><U+0E19><U+0E19>","<U+0E40><U+0E1E><U+0E25><U+0E07><U+0E42><U+0E04><U+0E15><U+0E23><U+0E21><U+0E31><U+0E19><U+0E19><U+0E19><U+0E19><U+0E19><U+0E19>","<U+0E0A><U+0E34><U+0E42><U+0E19> <U+0E42><U+0E0A><U+0E01><U+0E38><U+0E19>","https://yt3.ggpht.com/ytc/AKedOLQKZXOxkBukwLeJklLaHEUPdPxB83tRoXw-yA=s48-c-k-c0x00ffffff-no-rj","http://www.youtube.com/channel/UCwFTpcMo4ibPwz4xCiMqqzg","UCwFTpcMo4ibPwz4xCiMqqzg","TRUE","none","1","2021-10-05T09:28:19Z","2021-10-05T09:28:19Z"
"97","UOxkGD8qRB4","Does anyone else prefer this over MORE","Does anyone else prefer this over MORE","Karvenus14 Ravichandran","https://yt3.ggpht.com/ytc/AKedOLQSWT_Ijy7Ayy6BDf3f_u5-63SqB3m8Sowq0raBlg=s48-c-k-c0x00ffffff-no-rj","http://www.youtube.com/channel/UCFh8kw477cdXUqjeCuVziPw","UCFh8kw477cdXUqjeCuVziPw","TRUE","none","1","2021-10-05T09:27:11Z","2021-10-05T09:27:11Z"
"98","UOxkGD8qRB4","Still listening to this song <U+0001F970>","Still listening to this song <U+0001F970>","Carl Pensocas","https://yt3.ggpht.com/ytc/AKedOLRHZ059b9VEatrGZfUdORAGdX8GQgewxdg_n0REifk=s48-c-k-c0x00ffffff-no-rj","http://www.youtube.com/channel/UC4s-MKtOaJr4bTgzPnhZE_A","UC4s-MKtOaJr4bTgzPnhZE_A","TRUE","none","0","2021-10-05T09:24:37Z","2021-10-05T09:26:24Z"
"99","UOxkGD8qRB4","best korean kpop","best korean kpop","Meme Chan","https://yt3.ggpht.com/ytc/AKedOLTHtLOfVwaNRv_cZ5J0Wj7P8U3kaeaaCdGRmA=s48-c-k-c0x00ffffff-no-rj","http://www.youtube.com/channel/UCpmQhZbdrd_j9Z8Q8eZVoIw","UCpmQhZbdrd_j9Z8Q8eZVoIw","TRUE","none","0","2021-10-05T09:01:31Z","2021-10-05T09:01:31Z"
